/*
SQLyog 企业版 - MySQL GUI v8.14 
MySQL - 5.7.25-log : Database - jessefyz-plus
*********************************************************************
*/

/*!40101 SET NAMES utf8 */;

/*!40101 SET SQL_MODE=''*/;

/*!40014 SET @OLD_UNIQUE_CHECKS=@@UNIQUE_CHECKS, UNIQUE_CHECKS=0 */;
/*!40014 SET @OLD_FOREIGN_KEY_CHECKS=@@FOREIGN_KEY_CHECKS, FOREIGN_KEY_CHECKS=0 */;
/*!40101 SET @OLD_SQL_MODE=@@SQL_MODE, SQL_MODE='NO_AUTO_VALUE_ON_ZERO' */;
/*!40111 SET @OLD_SQL_NOTES=@@SQL_NOTES, SQL_NOTES=0 */;
CREATE DATABASE /*!32312 IF NOT EXISTS*/`jessefyz-plus` /*!40100 DEFAULT CHARACTER SET utf8mb4 */;

USE `jessefyz-plus`;

/*Table structure for table `biz_member_info` */

DROP TABLE IF EXISTS `biz_member_info`;

CREATE TABLE `biz_member_info` (
  `id` bigint(20) NOT NULL AUTO_INCREMENT COMMENT '会员ID',
  `name` varchar(50) NOT NULL DEFAULT '' COMMENT '名称',
  `nickname` varchar(255) DEFAULT '' COMMENT '昵称',
  `mobile` varchar(15) DEFAULT '' COMMENT '手机号码',
  `sex` tinyint(1) DEFAULT '0' COMMENT '0未知 1男 2女',
  `pic` varchar(255) NOT NULL DEFAULT '' COMMENT '头像',
  `source` tinyint(2) DEFAULT '1' COMMENT '来源 1小程序 其他待定',
  `wx_mini_open_id` varchar(64) DEFAULT '' COMMENT '小程序openId',
  `wx_union_id` varchar(64) DEFAULT '' COMMENT '微信unionId',
  `create_by` varchar(64) DEFAULT '' COMMENT '创建者',
  `create_time` datetime DEFAULT NULL COMMENT '创建时间',
  `update_by` varchar(64) DEFAULT '' COMMENT '更新者',
  `update_time` datetime DEFAULT NULL COMMENT '更新时间',
  `remark` varchar(255) DEFAULT '' COMMENT '备注',
  `del_status` tinyint(1) DEFAULT '0' COMMENT '删除状态 0未删除  1已删除',
  PRIMARY KEY (`id`)
) ENGINE=InnoDB AUTO_INCREMENT=7 DEFAULT CHARSET=utf8mb4 COMMENT='会员信息';

/*Data for the table `biz_member_info` */

insert  into `biz_member_info`(`id`,`name`,`nickname`,`mobile`,`sex`,`pic`,`source`,`wx_mini_open_id`,`wx_union_id`,`create_by`,`create_time`,`update_by`,`update_time`,`remark`,`del_status`) values (6,'张三','jesse','',1,'https://thirdwx.qlogo.cn/mmopen/vi_32/6ovmMWsJ23kwr254n33u2mwBPQqCX1Sxx9wSer2jyQDk1dneB89RM2w3gmN1otysTFvYqzYcvxcicTTBviaQKNmw/132',1,'ozWsX0Qv1XKW3cBcskGCYF0Ch5zA','oU8skty5p6RDTJAD5D93_yDe2oE4','0','2020-11-06 18:05:30','0','2021-01-28 17:42:01','',0);

/*Table structure for table `gen_table` */

DROP TABLE IF EXISTS `gen_table`;

CREATE TABLE `gen_table` (
  `table_id` bigint(20) NOT NULL AUTO_INCREMENT COMMENT '编号',
  `table_name` varchar(200) DEFAULT '' COMMENT '表名称',
  `table_comment` varchar(500) DEFAULT '' COMMENT '表描述',
  `class_name` varchar(100) DEFAULT '' COMMENT '实体类名称',
  `tpl_category` varchar(200) DEFAULT 'crud' COMMENT '使用的模板（crud单表操作 tree树表操作）',
  `package_name` varchar(100) DEFAULT NULL COMMENT '生成包路径',
  `module_name` varchar(30) DEFAULT NULL COMMENT '生成模块名',
  `business_name` varchar(30) DEFAULT NULL COMMENT '生成业务名',
  `function_name` varchar(50) DEFAULT NULL COMMENT '生成功能名',
  `function_author` varchar(50) DEFAULT NULL COMMENT '生成功能作者',
  `gen_type` char(1) DEFAULT '0' COMMENT '生成代码方式（0zip压缩包 1自定义路径）',
  `gen_path` varchar(200) DEFAULT '/' COMMENT '生成路径（不填默认项目路径）',
  `options` varchar(1000) DEFAULT NULL COMMENT '其它生成选项',
  `create_by` varchar(64) DEFAULT '' COMMENT '创建者',
  `create_time` datetime DEFAULT NULL COMMENT '创建时间',
  `update_by` varchar(64) DEFAULT '' COMMENT '更新者',
  `update_time` datetime DEFAULT NULL COMMENT '更新时间',
  `remark` varchar(500) DEFAULT NULL COMMENT '备注',
  PRIMARY KEY (`table_id`)
) ENGINE=InnoDB AUTO_INCREMENT=14 DEFAULT CHARSET=utf8mb4 COMMENT='代码生成业务表';

/*Data for the table `gen_table` */

insert  into `gen_table`(`table_id`,`table_name`,`table_comment`,`class_name`,`tpl_category`,`package_name`,`module_name`,`business_name`,`function_name`,`function_author`,`gen_type`,`gen_path`,`options`,`create_by`,`create_time`,`update_by`,`update_time`,`remark`) values (1,'sys_config','参数配置表','SysConfig','crud','com.mdframework.system','system','config','参数配置','mdframework','0','/',NULL,'admin','2020-10-29 10:12:47','',NULL,NULL),(2,'sys_job','定时任务调度表','SysJob','crud','com.mdframework.system','system','job','定时任务调度','mdframework','0','/',NULL,'admin','2020-11-02 12:10:59','',NULL,NULL),(13,'biz_member_info','会员信息','MemberInfo','crud','com.jessefyz.module','member','memberInfo','会员信息','mdframework','0','E:\\temp\\mdframework\\member','{\"parentMenuId\":\"1061\"}','admin','2020-11-03 16:50:05','','2021-08-18 18:00:41',NULL);

/*Table structure for table `gen_table_column` */

DROP TABLE IF EXISTS `gen_table_column`;

CREATE TABLE `gen_table_column` (
  `column_id` bigint(20) NOT NULL AUTO_INCREMENT COMMENT '编号',
  `table_id` varchar(64) DEFAULT NULL COMMENT '归属表编号',
  `column_name` varchar(200) DEFAULT NULL COMMENT '列名称',
  `column_comment` varchar(500) DEFAULT NULL COMMENT '列描述',
  `column_type` varchar(100) DEFAULT NULL COMMENT '列类型',
  `java_type` varchar(500) DEFAULT NULL COMMENT 'JAVA类型',
  `java_field` varchar(200) DEFAULT NULL COMMENT 'JAVA字段名',
  `is_pk` char(1) DEFAULT NULL COMMENT '是否主键（1是）',
  `is_increment` char(1) DEFAULT NULL COMMENT '是否自增（1是）',
  `is_required` char(1) DEFAULT NULL COMMENT '是否必填（1是）',
  `is_insert` char(1) DEFAULT NULL COMMENT '是否为插入字段（1是）',
  `is_edit` char(1) DEFAULT NULL COMMENT '是否编辑字段（1是）',
  `is_list` char(1) DEFAULT NULL COMMENT '是否列表字段（1是）',
  `is_query` char(1) DEFAULT NULL COMMENT '是否查询字段（1是）',
  `query_type` varchar(200) DEFAULT 'EQ' COMMENT '查询方式（等于、不等于、大于、小于、范围）',
  `html_type` varchar(200) DEFAULT NULL COMMENT '显示类型（文本框、文本域、下拉框、复选框、单选框、日期控件）',
  `dict_type` varchar(200) DEFAULT '' COMMENT '字典类型',
  `sort` int(11) DEFAULT NULL COMMENT '排序',
  `create_by` varchar(64) DEFAULT '' COMMENT '创建者',
  `create_time` datetime DEFAULT NULL COMMENT '创建时间',
  `update_by` varchar(64) DEFAULT '' COMMENT '更新者',
  `update_time` datetime DEFAULT NULL COMMENT '更新时间',
  PRIMARY KEY (`column_id`)
) ENGINE=InnoDB AUTO_INCREMENT=189 DEFAULT CHARSET=utf8mb4 COMMENT='代码生成业务表字段';

/*Data for the table `gen_table_column` */

insert  into `gen_table_column`(`column_id`,`table_id`,`column_name`,`column_comment`,`column_type`,`java_type`,`java_field`,`is_pk`,`is_increment`,`is_required`,`is_insert`,`is_edit`,`is_list`,`is_query`,`query_type`,`html_type`,`dict_type`,`sort`,`create_by`,`create_time`,`update_by`,`update_time`) values (1,'1','config_id','参数主键','int(5)','Integer','configId','1','1',NULL,'1',NULL,NULL,NULL,'EQ','input','',1,'admin','2020-10-29 10:12:48','',NULL),(2,'1','config_name','参数名称','varchar(100)','String','configName','0','0',NULL,'1','1','1','1','LIKE','input','',2,'admin','2020-10-29 10:12:48','',NULL),(3,'1','config_key','参数键名','varchar(100)','String','configKey','0','0',NULL,'1','1','1','1','EQ','input','',3,'admin','2020-10-29 10:12:48','',NULL),(4,'1','config_value','参数键值','varchar(500)','String','configValue','0','0',NULL,'1','1','1','1','EQ','textarea','',4,'admin','2020-10-29 10:12:48','',NULL),(5,'1','config_type','系统内置（Y是 N否）','char(1)','String','configType','0','0',NULL,'1','1','1','1','EQ','select','',5,'admin','2020-10-29 10:12:48','',NULL),(6,'1','create_by','创建者','varchar(64)','String','createBy','0','0',NULL,'1',NULL,NULL,NULL,'EQ','input','',6,'admin','2020-10-29 10:12:48','',NULL),(7,'1','create_time','创建时间','datetime','Date','createTime','0','0',NULL,'1',NULL,NULL,NULL,'EQ','datetime','',7,'admin','2020-10-29 10:12:48','',NULL),(8,'1','update_by','更新者','varchar(64)','String','updateBy','0','0',NULL,'1','1',NULL,NULL,'EQ','input','',8,'admin','2020-10-29 10:12:48','',NULL),(9,'1','update_time','更新时间','datetime','Date','updateTime','0','0',NULL,'1','1',NULL,NULL,'EQ','datetime','',9,'admin','2020-10-29 10:12:48','',NULL),(10,'1','remark','备注','varchar(500)','String','remark','0','0',NULL,'1','1','1',NULL,'EQ','textarea','',10,'admin','2020-10-29 10:12:48','',NULL),(11,'2','job_id','任务ID','bigint(20)','Long','jobId','1','1',NULL,'1',NULL,NULL,NULL,'EQ','input','',1,'admin','2020-11-02 12:10:59','',NULL),(12,'2','job_name','任务名称','varchar(64)','String','jobName','1','0',NULL,'1',NULL,NULL,NULL,'LIKE','input','',2,'admin','2020-11-02 12:10:59','',NULL),(13,'2','job_group','任务组名','varchar(64)','String','jobGroup','1','0',NULL,'1',NULL,NULL,NULL,'EQ','input','',3,'admin','2020-11-02 12:10:59','',NULL),(14,'2','invoke_target','调用目标字符串','varchar(500)','String','invokeTarget','0','0','1','1','1','1','1','EQ','textarea','',4,'admin','2020-11-02 12:10:59','',NULL),(15,'2','cron_expression','cron执行表达式','varchar(255)','String','cronExpression','0','0',NULL,'1','1','1','1','EQ','input','',5,'admin','2020-11-02 12:10:59','',NULL),(16,'2','misfire_policy','计划执行错误策略（1立即执行 2执行一次 3放弃执行）','varchar(20)','String','misfirePolicy','0','0',NULL,'1','1','1','1','EQ','input','',6,'admin','2020-11-02 12:10:59','',NULL),(17,'2','concurrent','是否并发执行（0允许 1禁止）','char(1)','String','concurrent','0','0',NULL,'1','1','1','1','EQ','input','',7,'admin','2020-11-02 12:10:59','',NULL),(18,'2','status','状态（0正常 1暂停）','char(1)','String','status','0','0',NULL,'1','1','1','1','EQ','radio','',8,'admin','2020-11-02 12:10:59','',NULL),(19,'2','create_by','创建者','varchar(64)','String','createBy','0','0',NULL,'1',NULL,NULL,NULL,'EQ','input','',9,'admin','2020-11-02 12:10:59','',NULL),(20,'2','create_time','创建时间','datetime','Date','createTime','0','0',NULL,'1',NULL,NULL,NULL,'EQ','datetime','',10,'admin','2020-11-02 12:10:59','',NULL),(21,'2','update_by','更新者','varchar(64)','String','updateBy','0','0',NULL,'1','1',NULL,NULL,'EQ','input','',11,'admin','2020-11-02 12:10:59','',NULL),(22,'2','update_time','更新时间','datetime','Date','updateTime','0','0',NULL,'1','1',NULL,NULL,'EQ','datetime','',12,'admin','2020-11-02 12:10:59','',NULL),(23,'2','remark','备注信息','varchar(500)','String','remark','0','0',NULL,'1','1','1',NULL,'EQ','textarea','',13,'admin','2020-11-02 12:10:59','',NULL),(174,'13','id','会员ID','bigint(20)','Long','id','1','1',NULL,'1',NULL,NULL,NULL,'EQ','input','',1,'admin','2020-11-03 16:50:05','','2021-08-18 18:00:41'),(175,'13','name','名称','varchar(50)','String','name','0','0','1','1','1','1','1','LIKE','input','',2,'admin','2020-11-03 16:50:05','','2021-08-18 18:00:41'),(176,'13','nickname','昵称','varchar(255)','String','nickname','0','0',NULL,'1','1','1',NULL,'LIKE','input','',3,'admin','2020-11-03 16:50:05','','2021-08-18 18:00:41'),(177,'13','mobile','手机号码','varchar(15)','String','mobile','0','0','1','1','1','1','1','LIKE','input','',4,'admin','2020-11-03 16:50:05','','2021-08-18 18:00:41'),(178,'13','sex','性别','tinyint(1)','Integer','sex','0','0','1','1','1','1',NULL,'EQ','select','sys_user_sex',5,'admin','2020-11-03 16:50:05','','2021-08-18 18:00:41'),(179,'13','pic','头像','varchar(255)','String','pic','0','0','1','1','1','1',NULL,'EQ','upload','',6,'admin','2020-11-03 16:50:05','','2021-08-18 18:00:41'),(180,'13','source','来源','tinyint(2)','Integer','source','0','0',NULL,'1','1','1',NULL,'EQ','select','biz_mem_register_source',7,'admin','2020-11-03 16:50:05','','2021-08-18 18:00:41'),(181,'13','wx_mini_open_id','小程序openId','varchar(64)','String','wxMiniOpenId','0','0',NULL,'1','1','1',NULL,'EQ','input','',8,'admin','2020-11-03 16:50:05','','2021-08-18 18:00:41'),(182,'13','wx_union_id','微信unionId','varchar(64)','String','wxUnionId','0','0',NULL,'1','1','1',NULL,'EQ','input','',9,'admin','2020-11-03 16:50:05','','2021-08-18 18:00:41'),(183,'13','create_by','创建者','varchar(64)','String','createBy','0','0',NULL,'1',NULL,NULL,NULL,'EQ','input','',10,'admin','2020-11-03 16:50:05','','2021-08-18 18:00:41'),(184,'13','create_time','创建时间','datetime','Date','createTime','0','0',NULL,'1',NULL,NULL,NULL,'EQ','datetime','',11,'admin','2020-11-03 16:50:05','','2021-08-18 18:00:41'),(185,'13','update_by','更新者','varchar(64)','String','updateBy','0','0',NULL,'1','1',NULL,NULL,'EQ','input','',12,'admin','2020-11-03 16:50:05','','2021-08-18 18:00:41'),(186,'13','update_time','更新时间','datetime','Date','updateTime','0','0',NULL,'1','1',NULL,NULL,'EQ','datetime','',13,'admin','2020-11-03 16:50:05','','2021-08-18 18:00:41'),(187,'13','remark','备注','varchar(255)','String','remark','0','0',NULL,'1','1',NULL,NULL,'EQ','editor','',14,'admin','2020-11-03 16:50:05','','2021-08-18 18:00:41'),(188,'13','del_status','删除状态 0未删除  1已删除','tinyint(1)','Integer','delStatus','0','0',NULL,'1',NULL,NULL,NULL,'EQ','input','',15,'admin','2020-11-03 16:50:05','','2021-08-18 18:00:41');

/*Table structure for table `interface_info` */

DROP TABLE IF EXISTS `interface_info`;

CREATE TABLE `interface_info` (
  `api_id` int(11) NOT NULL AUTO_INCREMENT COMMENT 'ID',
  `api_method` varchar(12) NOT NULL COMMENT 'HttpMethod：GET、PUT、POST',
  `api_path` varchar(512) NOT NULL COMMENT '拦截路径',
  `api_status` int(2) NOT NULL COMMENT '状态：0草稿，1发布，2有变更，3禁用',
  `api_comment` varchar(255) DEFAULT NULL COMMENT '注释',
  `api_type` varchar(24) NOT NULL COMMENT '脚本类型：SQL、DataQL',
  `api_script` mediumtext NOT NULL COMMENT '查询脚本：xxxxxxx',
  `api_schema` mediumtext COMMENT '接口的请求/响应数据结构',
  `api_sample` mediumtext COMMENT '请求/响应/请求头样本数据',
  `api_option` mediumtext COMMENT '扩展配置信息',
  `api_create_time` datetime DEFAULT CURRENT_TIMESTAMP COMMENT '创建时间',
  `api_gmt_time` datetime DEFAULT CURRENT_TIMESTAMP COMMENT '修改时间',
  PRIMARY KEY (`api_id`)
) ENGINE=InnoDB AUTO_INCREMENT=2 DEFAULT CHARSET=utf8mb4 COMMENT='Dataway 中的API';

/*Data for the table `interface_info` */

insert  into `interface_info`(`api_id`,`api_method`,`api_path`,`api_status`,`api_comment`,`api_type`,`api_script`,`api_schema`,`api_sample`,`api_option`,`api_create_time`,`api_gmt_time`) values (1,'POST','/api/queryMember',0,'查询会员','DataQL','// a new DataQL Query.\nvar query = @@sql(name)<%\n    select * from biz_member_info where name=#{name}\n%>\nreturn query();','{}','{\"requestBody\":\"{\\\"name\\\":\\\"11\\\"}\",\"headerData\":[]}',NULL,'2021-05-14 11:51:00','2021-05-14 11:51:00');

/*Table structure for table `interface_release` */

DROP TABLE IF EXISTS `interface_release`;

CREATE TABLE `interface_release` (
  `pub_id` int(11) NOT NULL AUTO_INCREMENT COMMENT 'Publish ID',
  `pub_api_id` int(11) NOT NULL COMMENT '所属API ID',
  `pub_method` varchar(12) NOT NULL COMMENT 'HttpMethod：GET、PUT、POST',
  `pub_path` varchar(512) NOT NULL COMMENT '拦截路径',
  `pub_status` int(2) NOT NULL COMMENT '状态：0有效，1无效（可能被下线）',
  `pub_type` varchar(24) NOT NULL COMMENT '脚本类型：SQL、DataQL',
  `pub_script` mediumtext NOT NULL COMMENT '查询脚本：xxxxxxx',
  `pub_script_ori` mediumtext NOT NULL COMMENT '原始查询脚本，仅当类型为SQL时不同',
  `pub_schema` mediumtext COMMENT '接口的请求/响应数据结构',
  `pub_sample` mediumtext COMMENT '请求/响应/请求头样本数据',
  `pub_option` mediumtext COMMENT '扩展配置信息',
  `pub_release_time` datetime DEFAULT CURRENT_TIMESTAMP COMMENT '发布时间（下线不更新）',
  PRIMARY KEY (`pub_id`),
  KEY `idx_interface_release` (`pub_api_id`)
) ENGINE=InnoDB DEFAULT CHARSET=utf8mb4 COMMENT='Dataway API 发布历史。';

/*Data for the table `interface_release` */

/*Table structure for table `magic_api_file` */

DROP TABLE IF EXISTS `magic_api_file`;

CREATE TABLE `magic_api_file` (
  `file_path` varchar(512) NOT NULL,
  `file_content` mediumtext,
  PRIMARY KEY (`file_path`)
) ENGINE=InnoDB DEFAULT CHARSET=utf8mb4;

/*Data for the table `magic_api_file` */

insert  into `magic_api_file`(`file_path`,`file_content`) values ('/magic-api/api/','this is directory'),('/magic-api/api/member','this is directory'),('/magic-api/api/会员/','this is directory'),('/magic-api/api/会员/group.json','{\r\n  \"id\" : \"fa4f9f24d57f41dbbe7c2b5fc717e70f\",\r\n  \"name\" : \"会员\",\r\n  \"type\" : \"1\",\r\n  \"parentId\" : \"0\",\r\n  \"path\" : \"/magic-api/member\",\r\n  \"paths\" : [ ],\r\n  \"options\" : [ ]\r\n}'),('/magic-api/api/会员/列表.ms','{\r\n  \"id\" : \"8fe25bdeaa1d402497bf52bd5ccec6a9\",\r\n  \"script\" : null,\r\n  \"groupId\" : \"fa4f9f24d57f41dbbe7c2b5fc717e70f\",\r\n  \"name\" : \"列表\",\r\n  \"createTime\" : 1621243900358,\r\n  \"updateTime\" : 1621243900358,\r\n  \"method\" : \"GET\",\r\n  \"path\" : \"/list\",\r\n  \"parameters\" : [ ],\r\n  \"option\" : \"[]\",\r\n  \"requestBody\" : \"\",\r\n  \"headers\" : [ ],\r\n  \"paths\" : [ ],\r\n  \"responseBody\" : \"{\\n    \\\"code\\\": 1,\\n    \\\"message\\\": \\\"success\\\",\\n    \\\"data\\\": [\\n        {\\n            \\\"user_id\\\": 1,\\n            \\\"dept_id\\\": 103,\\n            \\\"user_name\\\": \\\"admin\\\",\\n            \\\"nick_name\\\": \\\"超级管理员\\\",\\n            \\\"user_type\\\": \\\"00\\\",\\n            \\\"email\\\": \\\"573110463@qq.com\\\",\\n            \\\"phonenumber\\\": \\\"15888888888\\\",\\n            \\\"sex\\\": \\\"0\\\",\\n            \\\"avatar\\\": \\\"\\\",\\n            \\\"password\\\": \\\"$2a$10$7JB720yubVSZvUI0rEqK/.VqGOZTH.ulu33dHOiBE8ByOhJIrdAu2\\\",\\n            \\\"status\\\": \\\"0\\\",\\n            \\\"del_flag\\\": \\\"0\\\",\\n            \\\"login_ip\\\": \\\"127.0.0.1\\\",\\n            \\\"login_date\\\": \\\"2020-10-28T16:08:36\\\",\\n            \\\"create_by\\\": \\\"admin\\\",\\n            \\\"create_time\\\": \\\"2020-10-28T16:08:36\\\",\\n            \\\"update_by\\\": \\\"\\\",\\n            \\\"update_time\\\": \\\"2020-11-03T11:25:14\\\",\\n            \\\"remark\\\": \\\"管理员\\\"\\n        },\\n        {\\n            \\\"user_id\\\": 2,\\n            \\\"dept_id\\\": 105,\\n            \\\"user_name\\\": \\\"ry\\\",\\n            \\\"nick_name\\\": \\\"系统管理员\\\",\\n            \\\"user_type\\\": \\\"00\\\",\\n            \\\"email\\\": \\\"ry@qq.com\\\",\\n            \\\"phonenumber\\\": \\\"15666666666\\\",\\n            \\\"sex\\\": \\\"1\\\",\\n            \\\"avatar\\\": \\\"\\\",\\n            \\\"password\\\": \\\"$2a$10$7JB720yubVSZvUI0rEqK/.VqGOZTH.ulu33dHOiBE8ByOhJIrdAu2\\\",\\n            \\\"status\\\": \\\"0\\\",\\n            \\\"del_flag\\\": \\\"0\\\",\\n            \\\"login_ip\\\": \\\"127.0.0.1\\\",\\n            \\\"login_date\\\": \\\"2020-10-28T16:08:36\\\",\\n            \\\"create_by\\\": \\\"admin\\\",\\n            \\\"create_time\\\": \\\"2020-10-28T16:08:36\\\",\\n            \\\"update_by\\\": \\\"\\\",\\n            \\\"update_time\\\": null,\\n            \\\"remark\\\": \\\"测试员\\\"\\n        }\\n    ],\\n    \\\"timestamp\\\": 1621246871135,\\n    \\\"executeTime\\\": 70\\n}\",\r\n  \"description\" : null,\r\n  \"optionMap\" : { }\r\n}\r\n================================\r\nvar sql = \"select * from biz_member_info\";    \r\nreturn db.select(sql);  //返回List'),('/magic-api/backups/','this is directory'),('/magic-api/backups/8fe25bdeaa1d402497bf52bd5ccec6a9/','this is directory'),('/magic-api/backups/8fe25bdeaa1d402497bf52bd5ccec6a9/1621246901469.ms','{\r\n  \"id\" : \"8fe25bdeaa1d402497bf52bd5ccec6a9\",\r\n  \"script\" : null,\r\n  \"groupId\" : \"fa4f9f24d57f41dbbe7c2b5fc717e70f\",\r\n  \"name\" : \"列表\",\r\n  \"createTime\" : 1621243900358,\r\n  \"updateTime\" : 1621243900358,\r\n  \"method\" : \"GET\",\r\n  \"path\" : \"/list\",\r\n  \"parameters\" : [ ],\r\n  \"option\" : \"[]\",\r\n  \"requestBody\" : \"\",\r\n  \"headers\" : [ ],\r\n  \"paths\" : [ ],\r\n  \"responseBody\" : \"{\\n    \\\"code\\\": 1,\\n    \\\"message\\\": \\\"success\\\",\\n    \\\"data\\\": [\\n        {\\n            \\\"user_id\\\": 1,\\n            \\\"dept_id\\\": 103,\\n            \\\"user_name\\\": \\\"admin\\\",\\n            \\\"nick_name\\\": \\\"超级管理员\\\",\\n            \\\"user_type\\\": \\\"00\\\",\\n            \\\"email\\\": \\\"573110463@qq.com\\\",\\n            \\\"phonenumber\\\": \\\"15888888888\\\",\\n            \\\"sex\\\": \\\"0\\\",\\n            \\\"avatar\\\": \\\"\\\",\\n            \\\"password\\\": \\\"$2a$10$7JB720yubVSZvUI0rEqK/.VqGOZTH.ulu33dHOiBE8ByOhJIrdAu2\\\",\\n            \\\"status\\\": \\\"0\\\",\\n            \\\"del_flag\\\": \\\"0\\\",\\n            \\\"login_ip\\\": \\\"127.0.0.1\\\",\\n            \\\"login_date\\\": \\\"2020-10-28T16:08:36\\\",\\n            \\\"create_by\\\": \\\"admin\\\",\\n            \\\"create_time\\\": \\\"2020-10-28T16:08:36\\\",\\n            \\\"update_by\\\": \\\"\\\",\\n            \\\"update_time\\\": \\\"2020-11-03T11:25:14\\\",\\n            \\\"remark\\\": \\\"管理员\\\"\\n        },\\n        {\\n            \\\"user_id\\\": 2,\\n            \\\"dept_id\\\": 105,\\n            \\\"user_name\\\": \\\"ry\\\",\\n            \\\"nick_name\\\": \\\"系统管理员\\\",\\n            \\\"user_type\\\": \\\"00\\\",\\n            \\\"email\\\": \\\"ry@qq.com\\\",\\n            \\\"phonenumber\\\": \\\"15666666666\\\",\\n            \\\"sex\\\": \\\"1\\\",\\n            \\\"avatar\\\": \\\"\\\",\\n            \\\"password\\\": \\\"$2a$10$7JB720yubVSZvUI0rEqK/.VqGOZTH.ulu33dHOiBE8ByOhJIrdAu2\\\",\\n            \\\"status\\\": \\\"0\\\",\\n            \\\"del_flag\\\": \\\"0\\\",\\n            \\\"login_ip\\\": \\\"127.0.0.1\\\",\\n            \\\"login_date\\\": \\\"2020-10-28T16:08:36\\\",\\n            \\\"create_by\\\": \\\"admin\\\",\\n            \\\"create_time\\\": \\\"2020-10-28T16:08:36\\\",\\n            \\\"update_by\\\": \\\"\\\",\\n            \\\"update_time\\\": null,\\n            \\\"remark\\\": \\\"测试员\\\"\\n        }\\n    ],\\n    \\\"timestamp\\\": 1621246871135,\\n    \\\"executeTime\\\": 70\\n}\",\r\n  \"description\" : null,\r\n  \"optionMap\" : { }\r\n}\r\n================================\r\nvar sql = \"select * from biz_member_info\";    \r\nreturn db.select(sql);  //返回List'),('/magic-api/datasource/','this is directory'),('/magic-api/function/','this is directory'),('magic-api/api/','this is directory'),('magic-api/api/会员相关/','this is directory'),('magic-api/api/会员相关/group.json','{\r\n  \"id\" : \"422e4943e34147e7966a033acc21edcc\",\r\n  \"name\" : \"会员相关\",\r\n  \"type\" : \"1\",\r\n  \"parentId\" : \"0\",\r\n  \"path\" : \"/member\",\r\n  \"paths\" : [ ],\r\n  \"options\" : [ ]\r\n}'),('magic-api/api/会员相关/会员列表.ms','{\r\n  \"id\" : \"f5be2d60bd884a5689bbfc05b2cf1c7b\",\r\n  \"script\" : null,\r\n  \"groupId\" : \"422e4943e34147e7966a033acc21edcc\",\r\n  \"name\" : \"会员列表\",\r\n  \"createTime\" : null,\r\n  \"updateTime\" : 1622189063985,\r\n  \"method\" : \"GET\",\r\n  \"path\" : \"list\",\r\n  \"parameters\" : [ {\r\n    \"name\" : \"name\",\r\n    \"value\" : \"\",\r\n    \"description\" : \"姓名\",\r\n    \"required\" : false,\r\n    \"dataType\" : \"String\",\r\n    \"type\" : null,\r\n    \"defaultValue\" : \"\",\r\n    \"validateType\" : null,\r\n    \"error\" : null,\r\n    \"expression\" : null\r\n  } ],\r\n  \"option\" : \"[]\",\r\n  \"requestBody\" : \"{\\r\\n\\t\\r\\n}\",\r\n  \"headers\" : [ {\r\n    \"name\" : \"Authorization\",\r\n    \"value\" : \"\",\r\n    \"description\" : \"鉴权token\",\r\n    \"required\" : false,\r\n    \"dataType\" : \"String\",\r\n    \"type\" : null,\r\n    \"defaultValue\" : null,\r\n    \"validateType\" : null,\r\n    \"error\" : null,\r\n    \"expression\" : null\r\n  } ],\r\n  \"paths\" : [ ],\r\n  \"responseBody\" : \"{\\n    \\\"code\\\": 401,\\n    \\\"msg\\\": \\\"请求访问：/admin/magic-api/member/list，认证失败，无法访问系统资源\\\"\\n}\",\r\n  \"description\" : null,\r\n  \"optionMap\" : { }\r\n}\r\n================================\r\nvar sql = \"select o.id,o.name from biz_member_info o where o.del_status=0\";   \r\nif (name != null && \"\" != name) {\r\n    sql += \" and o.name like concat(\'%\',#{name},\'%\')\"\r\n} \r\nreturn db.select(sql);  //返回List'),('magic-api/backups/','this is directory'),('magic-api/backups/f5be2d60bd884a5689bbfc05b2cf1c7b/','this is directory'),('magic-api/backups/f5be2d60bd884a5689bbfc05b2cf1c7b/1621319348310.ms','{\r\n  \"id\" : \"f5be2d60bd884a5689bbfc05b2cf1c7b\",\r\n  \"script\" : null,\r\n  \"groupId\" : \"422e4943e34147e7966a033acc21edcc\",\r\n  \"name\" : \"会员列表\",\r\n  \"createTime\" : null,\r\n  \"updateTime\" : null,\r\n  \"method\" : \"GET\",\r\n  \"path\" : \"list\",\r\n  \"parameters\" : [ {\r\n    \"name\" : \"name\",\r\n    \"value\" : \"姓名\",\r\n    \"description\" : \"姓名\",\r\n    \"required\" : false,\r\n    \"dataType\" : \"String\",\r\n    \"type\" : null,\r\n    \"defaultValue\" : \"\",\r\n    \"validateType\" : null,\r\n    \"error\" : null,\r\n    \"expression\" : null\r\n  } ],\r\n  \"option\" : \"[]\",\r\n  \"requestBody\" : \"\",\r\n  \"headers\" : [ ],\r\n  \"paths\" : [ ],\r\n  \"responseBody\" : \"{\\n    \\\"code\\\": 200,\\n    \\\"msg\\\": \\\"success\\\",\\n    \\\"data\\\": [\\n        {\\n            \\\"id\\\": 6,\\n            \\\"name\\\": \\\"张三\\\",\\n            \\\"nickname\\\": \\\"jesse\\\",\\n            \\\"mobile\\\": \\\"\\\",\\n            \\\"sex\\\": true,\\n            \\\"pic\\\": \\\"https://thirdwx.qlogo.cn/mmopen/vi_32/6ovmMWsJ23kwr254n33u2mwBPQqCX1Sxx9wSer2jyQDk1dneB89RM2w3gmN1otysTFvYqzYcvxcicTTBviaQKNmw/132\\\",\\n            \\\"source\\\": 1,\\n            \\\"wx_mini_open_id\\\": \\\"ozWsX0Qv1XKW3cBcskGCYF0Ch5zA\\\",\\n            \\\"wx_union_id\\\": \\\"oU8skty5p6RDTJAD5D93_yDe2oE4\\\",\\n            \\\"create_by\\\": \\\"0\\\",\\n            \\\"create_time\\\": \\\"2020-11-06T18:05:30\\\",\\n            \\\"update_by\\\": \\\"0\\\",\\n            \\\"update_time\\\": \\\"2021-01-28T17:42:01\\\",\\n            \\\"remark\\\": \\\"\\\",\\n            \\\"del_status\\\": false\\n        },\\n        {\\n            \\\"id\\\": 7,\\n            \\\"name\\\": \\\"李四\\\",\\n            \\\"nickname\\\": \\\"jesse\\\",\\n            \\\"mobile\\\": \\\"\\\",\\n            \\\"sex\\\": true,\\n            \\\"pic\\\": \\\"https://thirdwx.qlogo.cn/mmopen/vi_32/s70y540FEyLUicWvQKTECuWeoyEPhXZKx74IgzJZGPjTWDsW3yVq5t8zCcTJJrzjfry1MibxWWYicIzS0BKpSVLwQ/132\\\",\\n            \\\"source\\\": 1,\\n            \\\"wx_mini_open_id\\\": \\\"\\\",\\n            \\\"wx_union_id\\\": \\\"\\\",\\n            \\\"create_by\\\": \\\"0\\\",\\n            \\\"create_time\\\": \\\"2021-04-08T11:57:26\\\",\\n            \\\"update_by\\\": \\\"0\\\",\\n            \\\"update_time\\\": \\\"2021-04-08T11:57:26\\\",\\n            \\\"remark\\\": \\\"\\\",\\n            \\\"del_status\\\": false\\n        },\\n        {\\n            \\\"id\\\": 8,\\n            \\\"name\\\": \\\"王五\\\",\\n            \\\"nickname\\\": \\\"jesse\\\",\\n            \\\"mobile\\\": \\\"\\\",\\n            \\\"sex\\\": true,\\n            \\\"pic\\\": \\\"https://thirdwx.qlogo.cn/mmopen/vi_32/s70y540FEyLUicWvQKTECuWeoyEPhXZKx74IgzJZGPjTWDsW3yVq5t8zCcTJJrzjfry1MibxWWYicIzS0BKpSVLwQ/132\\\",\\n            \\\"source\\\": 1,\\n            \\\"wx_mini_open_id\\\": \\\"oGtEC5dFL_i0Tg6pBd7H9VP2fBts\\\",\\n            \\\"wx_union_id\\\": \\\"\\\",\\n            \\\"create_by\\\": \\\"0\\\",\\n            \\\"create_time\\\": \\\"2021-04-08T12:01:26\\\",\\n            \\\"update_by\\\": \\\"0\\\",\\n            \\\"update_time\\\": \\\"2021-04-22T11:03:20\\\",\\n            \\\"remark\\\": \\\"\\\",\\n            \\\"del_status\\\": false\\n        }\\n    ],\\n    \\\"timestamp\\\": 1621319244921,\\n    \\\"requestTime\\\": 1621319244867,\\n    \\\"executeTime\\\": 54\\n}\",\r\n  \"description\" : null,\r\n  \"optionMap\" : { }\r\n}\r\n================================\r\nvar sql = \"select * from biz_member_info\";    \r\nreturn db.select(sql);  //返回List'),('magic-api/backups/f5be2d60bd884a5689bbfc05b2cf1c7b/1621319386452.ms','{\r\n  \"id\" : \"f5be2d60bd884a5689bbfc05b2cf1c7b\",\r\n  \"script\" : null,\r\n  \"groupId\" : \"422e4943e34147e7966a033acc21edcc\",\r\n  \"name\" : \"会员列表\",\r\n  \"createTime\" : null,\r\n  \"updateTime\" : null,\r\n  \"method\" : \"GET\",\r\n  \"path\" : \"list\",\r\n  \"parameters\" : [ {\r\n    \"name\" : \"name\",\r\n    \"value\" : \"姓名\",\r\n    \"description\" : \"姓名\",\r\n    \"required\" : false,\r\n    \"dataType\" : \"String\",\r\n    \"type\" : null,\r\n    \"defaultValue\" : \"张三\",\r\n    \"validateType\" : null,\r\n    \"error\" : null,\r\n    \"expression\" : null\r\n  } ],\r\n  \"option\" : \"[]\",\r\n  \"requestBody\" : \"\",\r\n  \"headers\" : [ ],\r\n  \"paths\" : [ ],\r\n  \"responseBody\" : \"{\\n    \\\"code\\\": 200,\\n    \\\"msg\\\": \\\"success\\\",\\n    \\\"data\\\": [\\n        {\\n            \\\"id\\\": 6,\\n            \\\"name\\\": \\\"张三\\\",\\n            \\\"nickname\\\": \\\"jesse\\\",\\n            \\\"mobile\\\": \\\"\\\",\\n            \\\"sex\\\": true,\\n            \\\"pic\\\": \\\"https://thirdwx.qlogo.cn/mmopen/vi_32/6ovmMWsJ23kwr254n33u2mwBPQqCX1Sxx9wSer2jyQDk1dneB89RM2w3gmN1otysTFvYqzYcvxcicTTBviaQKNmw/132\\\",\\n            \\\"source\\\": 1,\\n            \\\"wx_mini_open_id\\\": \\\"ozWsX0Qv1XKW3cBcskGCYF0Ch5zA\\\",\\n            \\\"wx_union_id\\\": \\\"oU8skty5p6RDTJAD5D93_yDe2oE4\\\",\\n            \\\"create_by\\\": \\\"0\\\",\\n            \\\"create_time\\\": \\\"2020-11-06T18:05:30\\\",\\n            \\\"update_by\\\": \\\"0\\\",\\n            \\\"update_time\\\": \\\"2021-01-28T17:42:01\\\",\\n            \\\"remark\\\": \\\"\\\",\\n            \\\"del_status\\\": false\\n        },\\n        {\\n            \\\"id\\\": 7,\\n            \\\"name\\\": \\\"李四\\\",\\n            \\\"nickname\\\": \\\"jesse\\\",\\n            \\\"mobile\\\": \\\"\\\",\\n            \\\"sex\\\": true,\\n            \\\"pic\\\": \\\"https://thirdwx.qlogo.cn/mmopen/vi_32/s70y540FEyLUicWvQKTECuWeoyEPhXZKx74IgzJZGPjTWDsW3yVq5t8zCcTJJrzjfry1MibxWWYicIzS0BKpSVLwQ/132\\\",\\n            \\\"source\\\": 1,\\n            \\\"wx_mini_open_id\\\": \\\"\\\",\\n            \\\"wx_union_id\\\": \\\"\\\",\\n            \\\"create_by\\\": \\\"0\\\",\\n            \\\"create_time\\\": \\\"2021-04-08T11:57:26\\\",\\n            \\\"update_by\\\": \\\"0\\\",\\n            \\\"update_time\\\": \\\"2021-04-08T11:57:26\\\",\\n            \\\"remark\\\": \\\"\\\",\\n            \\\"del_status\\\": false\\n        },\\n        {\\n            \\\"id\\\": 8,\\n            \\\"name\\\": \\\"王五\\\",\\n            \\\"nickname\\\": \\\"jesse\\\",\\n            \\\"mobile\\\": \\\"\\\",\\n            \\\"sex\\\": true,\\n            \\\"pic\\\": \\\"https://thirdwx.qlogo.cn/mmopen/vi_32/s70y540FEyLUicWvQKTECuWeoyEPhXZKx74IgzJZGPjTWDsW3yVq5t8zCcTJJrzjfry1MibxWWYicIzS0BKpSVLwQ/132\\\",\\n            \\\"source\\\": 1,\\n            \\\"wx_mini_open_id\\\": \\\"oGtEC5dFL_i0Tg6pBd7H9VP2fBts\\\",\\n            \\\"wx_union_id\\\": \\\"\\\",\\n            \\\"create_by\\\": \\\"0\\\",\\n            \\\"create_time\\\": \\\"2021-04-08T12:01:26\\\",\\n            \\\"update_by\\\": \\\"0\\\",\\n            \\\"update_time\\\": \\\"2021-04-22T11:03:20\\\",\\n            \\\"remark\\\": \\\"\\\",\\n            \\\"del_status\\\": false\\n        }\\n    ],\\n    \\\"timestamp\\\": 1621319244921,\\n    \\\"requestTime\\\": 1621319244867,\\n    \\\"executeTime\\\": 54\\n}\",\r\n  \"description\" : null,\r\n  \"optionMap\" : { }\r\n}\r\n================================\r\nvar sql = \"select * from biz_member_info\";    \r\nreturn db.select(sql);  //返回List'),('magic-api/backups/f5be2d60bd884a5689bbfc05b2cf1c7b/1621319412797.ms','{\r\n  \"id\" : \"f5be2d60bd884a5689bbfc05b2cf1c7b\",\r\n  \"script\" : null,\r\n  \"groupId\" : \"422e4943e34147e7966a033acc21edcc\",\r\n  \"name\" : \"会员列表\",\r\n  \"createTime\" : null,\r\n  \"updateTime\" : null,\r\n  \"method\" : \"GET\",\r\n  \"path\" : \"list\",\r\n  \"parameters\" : [ ],\r\n  \"option\" : \"[]\",\r\n  \"requestBody\" : \"\",\r\n  \"headers\" : [ ],\r\n  \"paths\" : [ ],\r\n  \"responseBody\" : \"{\\n    \\\"code\\\": 200,\\n    \\\"msg\\\": \\\"success\\\",\\n    \\\"data\\\": [\\n        {\\n            \\\"id\\\": 6,\\n            \\\"name\\\": \\\"张三\\\",\\n            \\\"nickname\\\": \\\"jesse\\\",\\n            \\\"mobile\\\": \\\"\\\",\\n            \\\"sex\\\": true,\\n            \\\"pic\\\": \\\"https://thirdwx.qlogo.cn/mmopen/vi_32/6ovmMWsJ23kwr254n33u2mwBPQqCX1Sxx9wSer2jyQDk1dneB89RM2w3gmN1otysTFvYqzYcvxcicTTBviaQKNmw/132\\\",\\n            \\\"source\\\": 1,\\n            \\\"wx_mini_open_id\\\": \\\"ozWsX0Qv1XKW3cBcskGCYF0Ch5zA\\\",\\n            \\\"wx_union_id\\\": \\\"oU8skty5p6RDTJAD5D93_yDe2oE4\\\",\\n            \\\"create_by\\\": \\\"0\\\",\\n            \\\"create_time\\\": \\\"2020-11-06T18:05:30\\\",\\n            \\\"update_by\\\": \\\"0\\\",\\n            \\\"update_time\\\": \\\"2021-01-28T17:42:01\\\",\\n            \\\"remark\\\": \\\"\\\",\\n            \\\"del_status\\\": false\\n        },\\n        {\\n            \\\"id\\\": 7,\\n            \\\"name\\\": \\\"李四\\\",\\n            \\\"nickname\\\": \\\"jesse\\\",\\n            \\\"mobile\\\": \\\"\\\",\\n            \\\"sex\\\": true,\\n            \\\"pic\\\": \\\"https://thirdwx.qlogo.cn/mmopen/vi_32/s70y540FEyLUicWvQKTECuWeoyEPhXZKx74IgzJZGPjTWDsW3yVq5t8zCcTJJrzjfry1MibxWWYicIzS0BKpSVLwQ/132\\\",\\n            \\\"source\\\": 1,\\n            \\\"wx_mini_open_id\\\": \\\"\\\",\\n            \\\"wx_union_id\\\": \\\"\\\",\\n            \\\"create_by\\\": \\\"0\\\",\\n            \\\"create_time\\\": \\\"2021-04-08T11:57:26\\\",\\n            \\\"update_by\\\": \\\"0\\\",\\n            \\\"update_time\\\": \\\"2021-04-08T11:57:26\\\",\\n            \\\"remark\\\": \\\"\\\",\\n            \\\"del_status\\\": false\\n        },\\n        {\\n            \\\"id\\\": 8,\\n            \\\"name\\\": \\\"王五\\\",\\n            \\\"nickname\\\": \\\"jesse\\\",\\n            \\\"mobile\\\": \\\"\\\",\\n            \\\"sex\\\": true,\\n            \\\"pic\\\": \\\"https://thirdwx.qlogo.cn/mmopen/vi_32/s70y540FEyLUicWvQKTECuWeoyEPhXZKx74IgzJZGPjTWDsW3yVq5t8zCcTJJrzjfry1MibxWWYicIzS0BKpSVLwQ/132\\\",\\n            \\\"source\\\": 1,\\n            \\\"wx_mini_open_id\\\": \\\"oGtEC5dFL_i0Tg6pBd7H9VP2fBts\\\",\\n            \\\"wx_union_id\\\": \\\"\\\",\\n            \\\"create_by\\\": \\\"0\\\",\\n            \\\"create_time\\\": \\\"2021-04-08T12:01:26\\\",\\n            \\\"update_by\\\": \\\"0\\\",\\n            \\\"update_time\\\": \\\"2021-04-22T11:03:20\\\",\\n            \\\"remark\\\": \\\"\\\",\\n            \\\"del_status\\\": false\\n        }\\n    ],\\n    \\\"timestamp\\\": 1621319244921,\\n    \\\"requestTime\\\": 1621319244867,\\n    \\\"executeTime\\\": 54\\n}\",\r\n  \"description\" : null,\r\n  \"optionMap\" : { }\r\n}\r\n================================\r\nvar sql = \"select * from biz_member_info\";    \r\nreturn db.select(sql);  //返回List'),('magic-api/backups/f5be2d60bd884a5689bbfc05b2cf1c7b/1621320141399.ms','{\r\n  \"id\" : \"f5be2d60bd884a5689bbfc05b2cf1c7b\",\r\n  \"script\" : null,\r\n  \"groupId\" : \"422e4943e34147e7966a033acc21edcc\",\r\n  \"name\" : \"会员列表\",\r\n  \"createTime\" : null,\r\n  \"updateTime\" : null,\r\n  \"method\" : \"GET\",\r\n  \"path\" : \"list\",\r\n  \"parameters\" : [ ],\r\n  \"option\" : \"[]\",\r\n  \"requestBody\" : \"\",\r\n  \"headers\" : [ {\r\n    \"name\" : \"name\",\r\n    \"value\" : \"姓名\",\r\n    \"description\" : \"姓名\",\r\n    \"required\" : false,\r\n    \"dataType\" : \"String\",\r\n    \"type\" : null,\r\n    \"defaultValue\" : \"\",\r\n    \"validateType\" : null,\r\n    \"error\" : \"姓名格式错误\",\r\n    \"expression\" : null\r\n  } ],\r\n  \"paths\" : [ ],\r\n  \"responseBody\" : \"{\\n    \\\"code\\\": 200,\\n    \\\"msg\\\": \\\"success\\\",\\n    \\\"data\\\": [\\n        {\\n            \\\"id\\\": 6,\\n            \\\"name\\\": \\\"张三\\\",\\n            \\\"nickname\\\": \\\"jesse\\\",\\n            \\\"mobile\\\": \\\"\\\",\\n            \\\"sex\\\": true,\\n            \\\"pic\\\": \\\"https://thirdwx.qlogo.cn/mmopen/vi_32/6ovmMWsJ23kwr254n33u2mwBPQqCX1Sxx9wSer2jyQDk1dneB89RM2w3gmN1otysTFvYqzYcvxcicTTBviaQKNmw/132\\\",\\n            \\\"source\\\": 1,\\n            \\\"wx_mini_open_id\\\": \\\"ozWsX0Qv1XKW3cBcskGCYF0Ch5zA\\\",\\n            \\\"wx_union_id\\\": \\\"oU8skty5p6RDTJAD5D93_yDe2oE4\\\",\\n            \\\"create_by\\\": \\\"0\\\",\\n            \\\"create_time\\\": \\\"2020-11-06T18:05:30\\\",\\n            \\\"update_by\\\": \\\"0\\\",\\n            \\\"update_time\\\": \\\"2021-01-28T17:42:01\\\",\\n            \\\"remark\\\": \\\"\\\",\\n            \\\"del_status\\\": false\\n        },\\n        {\\n            \\\"id\\\": 7,\\n            \\\"name\\\": \\\"李四\\\",\\n            \\\"nickname\\\": \\\"jesse\\\",\\n            \\\"mobile\\\": \\\"\\\",\\n            \\\"sex\\\": true,\\n            \\\"pic\\\": \\\"https://thirdwx.qlogo.cn/mmopen/vi_32/s70y540FEyLUicWvQKTECuWeoyEPhXZKx74IgzJZGPjTWDsW3yVq5t8zCcTJJrzjfry1MibxWWYicIzS0BKpSVLwQ/132\\\",\\n            \\\"source\\\": 1,\\n            \\\"wx_mini_open_id\\\": \\\"\\\",\\n            \\\"wx_union_id\\\": \\\"\\\",\\n            \\\"create_by\\\": \\\"0\\\",\\n            \\\"create_time\\\": \\\"2021-04-08T11:57:26\\\",\\n            \\\"update_by\\\": \\\"0\\\",\\n            \\\"update_time\\\": \\\"2021-04-08T11:57:26\\\",\\n            \\\"remark\\\": \\\"\\\",\\n            \\\"del_status\\\": false\\n        },\\n        {\\n            \\\"id\\\": 8,\\n            \\\"name\\\": \\\"王五\\\",\\n            \\\"nickname\\\": \\\"jesse\\\",\\n            \\\"mobile\\\": \\\"\\\",\\n            \\\"sex\\\": true,\\n            \\\"pic\\\": \\\"https://thirdwx.qlogo.cn/mmopen/vi_32/s70y540FEyLUicWvQKTECuWeoyEPhXZKx74IgzJZGPjTWDsW3yVq5t8zCcTJJrzjfry1MibxWWYicIzS0BKpSVLwQ/132\\\",\\n            \\\"source\\\": 1,\\n            \\\"wx_mini_open_id\\\": \\\"oGtEC5dFL_i0Tg6pBd7H9VP2fBts\\\",\\n            \\\"wx_union_id\\\": \\\"\\\",\\n            \\\"create_by\\\": \\\"0\\\",\\n            \\\"create_time\\\": \\\"2021-04-08T12:01:26\\\",\\n            \\\"update_by\\\": \\\"0\\\",\\n            \\\"update_time\\\": \\\"2021-04-22T11:03:20\\\",\\n            \\\"remark\\\": \\\"\\\",\\n            \\\"del_status\\\": false\\n        }\\n    ],\\n    \\\"timestamp\\\": 1621319244921,\\n    \\\"requestTime\\\": 1621319244867,\\n    \\\"executeTime\\\": 54\\n}\",\r\n  \"description\" : null,\r\n  \"optionMap\" : { }\r\n}\r\n================================\r\nvar sql = \"select * from biz_member_info\";    \r\nreturn db.select(sql);  //返回List'),('magic-api/backups/f5be2d60bd884a5689bbfc05b2cf1c7b/1621320175326.ms','{\r\n  \"id\" : \"f5be2d60bd884a5689bbfc05b2cf1c7b\",\r\n  \"script\" : null,\r\n  \"groupId\" : \"422e4943e34147e7966a033acc21edcc\",\r\n  \"name\" : \"会员列表\",\r\n  \"createTime\" : null,\r\n  \"updateTime\" : null,\r\n  \"method\" : \"GET\",\r\n  \"path\" : \"list\",\r\n  \"parameters\" : [ ],\r\n  \"option\" : \"[]\",\r\n  \"requestBody\" : \"{\\r\\n\\t\\r\\n}\",\r\n  \"headers\" : [ {\r\n    \"name\" : \"name\",\r\n    \"value\" : \"姓名\",\r\n    \"description\" : \"姓名\",\r\n    \"required\" : false,\r\n    \"dataType\" : \"String\",\r\n    \"type\" : null,\r\n    \"defaultValue\" : \"\",\r\n    \"validateType\" : null,\r\n    \"error\" : \"姓名格式错误\",\r\n    \"expression\" : null\r\n  } ],\r\n  \"paths\" : [ ],\r\n  \"responseBody\" : \"{\\n    \\\"code\\\": 200,\\n    \\\"msg\\\": \\\"success\\\",\\n    \\\"data\\\": [\\n        {\\n            \\\"id\\\": 6,\\n            \\\"name\\\": \\\"张三\\\",\\n            \\\"nickname\\\": \\\"jesse\\\",\\n            \\\"mobile\\\": \\\"\\\",\\n            \\\"sex\\\": true,\\n            \\\"pic\\\": \\\"https://thirdwx.qlogo.cn/mmopen/vi_32/6ovmMWsJ23kwr254n33u2mwBPQqCX1Sxx9wSer2jyQDk1dneB89RM2w3gmN1otysTFvYqzYcvxcicTTBviaQKNmw/132\\\",\\n            \\\"source\\\": 1,\\n            \\\"wx_mini_open_id\\\": \\\"ozWsX0Qv1XKW3cBcskGCYF0Ch5zA\\\",\\n            \\\"wx_union_id\\\": \\\"oU8skty5p6RDTJAD5D93_yDe2oE4\\\",\\n            \\\"create_by\\\": \\\"0\\\",\\n            \\\"create_time\\\": \\\"2020-11-06T18:05:30\\\",\\n            \\\"update_by\\\": \\\"0\\\",\\n            \\\"update_time\\\": \\\"2021-01-28T17:42:01\\\",\\n            \\\"remark\\\": \\\"\\\",\\n            \\\"del_status\\\": false\\n        },\\n        {\\n            \\\"id\\\": 7,\\n            \\\"name\\\": \\\"李四\\\",\\n            \\\"nickname\\\": \\\"jesse\\\",\\n            \\\"mobile\\\": \\\"\\\",\\n            \\\"sex\\\": true,\\n            \\\"pic\\\": \\\"https://thirdwx.qlogo.cn/mmopen/vi_32/s70y540FEyLUicWvQKTECuWeoyEPhXZKx74IgzJZGPjTWDsW3yVq5t8zCcTJJrzjfry1MibxWWYicIzS0BKpSVLwQ/132\\\",\\n            \\\"source\\\": 1,\\n            \\\"wx_mini_open_id\\\": \\\"\\\",\\n            \\\"wx_union_id\\\": \\\"\\\",\\n            \\\"create_by\\\": \\\"0\\\",\\n            \\\"create_time\\\": \\\"2021-04-08T11:57:26\\\",\\n            \\\"update_by\\\": \\\"0\\\",\\n            \\\"update_time\\\": \\\"2021-04-08T11:57:26\\\",\\n            \\\"remark\\\": \\\"\\\",\\n            \\\"del_status\\\": false\\n        },\\n        {\\n            \\\"id\\\": 8,\\n            \\\"name\\\": \\\"王五\\\",\\n            \\\"nickname\\\": \\\"jesse\\\",\\n            \\\"mobile\\\": \\\"\\\",\\n            \\\"sex\\\": true,\\n            \\\"pic\\\": \\\"https://thirdwx.qlogo.cn/mmopen/vi_32/s70y540FEyLUicWvQKTECuWeoyEPhXZKx74IgzJZGPjTWDsW3yVq5t8zCcTJJrzjfry1MibxWWYicIzS0BKpSVLwQ/132\\\",\\n            \\\"source\\\": 1,\\n            \\\"wx_mini_open_id\\\": \\\"oGtEC5dFL_i0Tg6pBd7H9VP2fBts\\\",\\n            \\\"wx_union_id\\\": \\\"\\\",\\n            \\\"create_by\\\": \\\"0\\\",\\n            \\\"create_time\\\": \\\"2021-04-08T12:01:26\\\",\\n            \\\"update_by\\\": \\\"0\\\",\\n            \\\"update_time\\\": \\\"2021-04-22T11:03:20\\\",\\n            \\\"remark\\\": \\\"\\\",\\n            \\\"del_status\\\": false\\n        }\\n    ],\\n    \\\"timestamp\\\": 1621319244921,\\n    \\\"requestTime\\\": 1621319244867,\\n    \\\"executeTime\\\": 54\\n}\",\r\n  \"description\" : null,\r\n  \"optionMap\" : { }\r\n}\r\n================================\r\nvar sql = \"select * from biz_member_info\";    \r\nreturn db.select(sql);  //返回List'),('magic-api/backups/f5be2d60bd884a5689bbfc05b2cf1c7b/1621325852896.ms','{\r\n  \"id\" : \"f5be2d60bd884a5689bbfc05b2cf1c7b\",\r\n  \"script\" : null,\r\n  \"groupId\" : \"422e4943e34147e7966a033acc21edcc\",\r\n  \"name\" : \"会员列表\",\r\n  \"createTime\" : null,\r\n  \"updateTime\" : null,\r\n  \"method\" : \"GET\",\r\n  \"path\" : \"list\",\r\n  \"parameters\" : [ ],\r\n  \"option\" : \"[]\",\r\n  \"requestBody\" : \"{\\r\\n\\t\\r\\n}\",\r\n  \"headers\" : [ ],\r\n  \"paths\" : [ ],\r\n  \"responseBody\" : \"{\\n    \\\"code\\\": 200,\\n    \\\"msg\\\": \\\"success\\\",\\n    \\\"data\\\": [\\n        {\\n            \\\"id\\\": 6,\\n            \\\"name\\\": \\\"张三\\\",\\n            \\\"nickname\\\": \\\"jesse\\\",\\n            \\\"mobile\\\": \\\"\\\",\\n            \\\"sex\\\": true,\\n            \\\"pic\\\": \\\"https://thirdwx.qlogo.cn/mmopen/vi_32/6ovmMWsJ23kwr254n33u2mwBPQqCX1Sxx9wSer2jyQDk1dneB89RM2w3gmN1otysTFvYqzYcvxcicTTBviaQKNmw/132\\\",\\n            \\\"source\\\": 1,\\n            \\\"wx_mini_open_id\\\": \\\"ozWsX0Qv1XKW3cBcskGCYF0Ch5zA\\\",\\n            \\\"wx_union_id\\\": \\\"oU8skty5p6RDTJAD5D93_yDe2oE4\\\",\\n            \\\"create_by\\\": \\\"0\\\",\\n            \\\"create_time\\\": \\\"2020-11-06T18:05:30\\\",\\n            \\\"update_by\\\": \\\"0\\\",\\n            \\\"update_time\\\": \\\"2021-01-28T17:42:01\\\",\\n            \\\"remark\\\": \\\"\\\",\\n            \\\"del_status\\\": false\\n        },\\n        {\\n            \\\"id\\\": 7,\\n            \\\"name\\\": \\\"李四\\\",\\n            \\\"nickname\\\": \\\"jesse\\\",\\n            \\\"mobile\\\": \\\"\\\",\\n            \\\"sex\\\": true,\\n            \\\"pic\\\": \\\"https://thirdwx.qlogo.cn/mmopen/vi_32/s70y540FEyLUicWvQKTECuWeoyEPhXZKx74IgzJZGPjTWDsW3yVq5t8zCcTJJrzjfry1MibxWWYicIzS0BKpSVLwQ/132\\\",\\n            \\\"source\\\": 1,\\n            \\\"wx_mini_open_id\\\": \\\"\\\",\\n            \\\"wx_union_id\\\": \\\"\\\",\\n            \\\"create_by\\\": \\\"0\\\",\\n            \\\"create_time\\\": \\\"2021-04-08T11:57:26\\\",\\n            \\\"update_by\\\": \\\"0\\\",\\n            \\\"update_time\\\": \\\"2021-04-08T11:57:26\\\",\\n            \\\"remark\\\": \\\"\\\",\\n            \\\"del_status\\\": false\\n        },\\n        {\\n            \\\"id\\\": 8,\\n            \\\"name\\\": \\\"王五\\\",\\n            \\\"nickname\\\": \\\"jesse\\\",\\n            \\\"mobile\\\": \\\"\\\",\\n            \\\"sex\\\": true,\\n            \\\"pic\\\": \\\"https://thirdwx.qlogo.cn/mmopen/vi_32/s70y540FEyLUicWvQKTECuWeoyEPhXZKx74IgzJZGPjTWDsW3yVq5t8zCcTJJrzjfry1MibxWWYicIzS0BKpSVLwQ/132\\\",\\n            \\\"source\\\": 1,\\n            \\\"wx_mini_open_id\\\": \\\"oGtEC5dFL_i0Tg6pBd7H9VP2fBts\\\",\\n            \\\"wx_union_id\\\": \\\"\\\",\\n            \\\"create_by\\\": \\\"0\\\",\\n            \\\"create_time\\\": \\\"2021-04-08T12:01:26\\\",\\n            \\\"update_by\\\": \\\"0\\\",\\n            \\\"update_time\\\": \\\"2021-04-22T11:03:20\\\",\\n            \\\"remark\\\": \\\"\\\",\\n            \\\"del_status\\\": false\\n        }\\n    ],\\n    \\\"timestamp\\\": 1621319244921,\\n    \\\"requestTime\\\": 1621319244867,\\n    \\\"executeTime\\\": 54\\n}\",\r\n  \"description\" : null,\r\n  \"optionMap\" : { }\r\n}\r\n================================\r\nvar sql = \"select * from biz_member_info\";    \r\nreturn db.select(sql);  //返回List'),('magic-api/backups/f5be2d60bd884a5689bbfc05b2cf1c7b/1621325980152.ms','{\r\n  \"id\" : \"f5be2d60bd884a5689bbfc05b2cf1c7b\",\r\n  \"script\" : null,\r\n  \"groupId\" : \"422e4943e34147e7966a033acc21edcc\",\r\n  \"name\" : \"会员列表\",\r\n  \"createTime\" : null,\r\n  \"updateTime\" : null,\r\n  \"method\" : \"GET\",\r\n  \"path\" : \"list\",\r\n  \"parameters\" : [ ],\r\n  \"option\" : \"[]\",\r\n  \"requestBody\" : \"{\\r\\n\\t\\r\\n}\",\r\n  \"headers\" : [ {\r\n    \"name\" : \"Content-Type\",\r\n    \"value\" : \"application/x-www-form-urlencoded\",\r\n    \"description\" : \"请求头\",\r\n    \"required\" : false,\r\n    \"dataType\" : \"String\",\r\n    \"type\" : null,\r\n    \"defaultValue\" : \"application/x-www-form-urlencoded\",\r\n    \"validateType\" : null,\r\n    \"error\" : null,\r\n    \"expression\" : null\r\n  } ],\r\n  \"paths\" : [ ],\r\n  \"responseBody\" : \"{\\n    \\\"code\\\": 200,\\n    \\\"msg\\\": \\\"success\\\",\\n    \\\"data\\\": [\\n        {\\n            \\\"id\\\": 6,\\n            \\\"name\\\": \\\"张三\\\",\\n            \\\"nickname\\\": \\\"jesse\\\",\\n            \\\"mobile\\\": \\\"\\\",\\n            \\\"sex\\\": true,\\n            \\\"pic\\\": \\\"https://thirdwx.qlogo.cn/mmopen/vi_32/6ovmMWsJ23kwr254n33u2mwBPQqCX1Sxx9wSer2jyQDk1dneB89RM2w3gmN1otysTFvYqzYcvxcicTTBviaQKNmw/132\\\",\\n            \\\"source\\\": 1,\\n            \\\"wx_mini_open_id\\\": \\\"ozWsX0Qv1XKW3cBcskGCYF0Ch5zA\\\",\\n            \\\"wx_union_id\\\": \\\"oU8skty5p6RDTJAD5D93_yDe2oE4\\\",\\n            \\\"create_by\\\": \\\"0\\\",\\n            \\\"create_time\\\": \\\"2020-11-06T18:05:30\\\",\\n            \\\"update_by\\\": \\\"0\\\",\\n            \\\"update_time\\\": \\\"2021-01-28T17:42:01\\\",\\n            \\\"remark\\\": \\\"\\\",\\n            \\\"del_status\\\": false\\n        },\\n        {\\n            \\\"id\\\": 7,\\n            \\\"name\\\": \\\"李四\\\",\\n            \\\"nickname\\\": \\\"jesse\\\",\\n            \\\"mobile\\\": \\\"\\\",\\n            \\\"sex\\\": true,\\n            \\\"pic\\\": \\\"https://thirdwx.qlogo.cn/mmopen/vi_32/s70y540FEyLUicWvQKTECuWeoyEPhXZKx74IgzJZGPjTWDsW3yVq5t8zCcTJJrzjfry1MibxWWYicIzS0BKpSVLwQ/132\\\",\\n            \\\"source\\\": 1,\\n            \\\"wx_mini_open_id\\\": \\\"\\\",\\n            \\\"wx_union_id\\\": \\\"\\\",\\n            \\\"create_by\\\": \\\"0\\\",\\n            \\\"create_time\\\": \\\"2021-04-08T11:57:26\\\",\\n            \\\"update_by\\\": \\\"0\\\",\\n            \\\"update_time\\\": \\\"2021-04-08T11:57:26\\\",\\n            \\\"remark\\\": \\\"\\\",\\n            \\\"del_status\\\": false\\n        },\\n        {\\n            \\\"id\\\": 8,\\n            \\\"name\\\": \\\"王五\\\",\\n            \\\"nickname\\\": \\\"jesse\\\",\\n            \\\"mobile\\\": \\\"\\\",\\n            \\\"sex\\\": true,\\n            \\\"pic\\\": \\\"https://thirdwx.qlogo.cn/mmopen/vi_32/s70y540FEyLUicWvQKTECuWeoyEPhXZKx74IgzJZGPjTWDsW3yVq5t8zCcTJJrzjfry1MibxWWYicIzS0BKpSVLwQ/132\\\",\\n            \\\"source\\\": 1,\\n            \\\"wx_mini_open_id\\\": \\\"oGtEC5dFL_i0Tg6pBd7H9VP2fBts\\\",\\n            \\\"wx_union_id\\\": \\\"\\\",\\n            \\\"create_by\\\": \\\"0\\\",\\n            \\\"create_time\\\": \\\"2021-04-08T12:01:26\\\",\\n            \\\"update_by\\\": \\\"0\\\",\\n            \\\"update_time\\\": \\\"2021-04-22T11:03:20\\\",\\n            \\\"remark\\\": \\\"\\\",\\n            \\\"del_status\\\": false\\n        }\\n    ],\\n    \\\"timestamp\\\": 1621319244921,\\n    \\\"requestTime\\\": 1621319244867,\\n    \\\"executeTime\\\": 54\\n}\",\r\n  \"description\" : null,\r\n  \"optionMap\" : { }\r\n}\r\n================================\r\nvar sql = \"select * from biz_member_info\";    \r\nreturn db.select(sql);  //返回List'),('magic-api/backups/f5be2d60bd884a5689bbfc05b2cf1c7b/1621325994976.ms','{\r\n  \"id\" : \"f5be2d60bd884a5689bbfc05b2cf1c7b\",\r\n  \"script\" : null,\r\n  \"groupId\" : \"422e4943e34147e7966a033acc21edcc\",\r\n  \"name\" : \"会员列表\",\r\n  \"createTime\" : null,\r\n  \"updateTime\" : null,\r\n  \"method\" : \"GET\",\r\n  \"path\" : \"list\",\r\n  \"parameters\" : [ {\r\n    \"name\" : \"name\",\r\n    \"value\" : \"\",\r\n    \"description\" : \"姓名\",\r\n    \"required\" : false,\r\n    \"dataType\" : \"String\",\r\n    \"type\" : null,\r\n    \"defaultValue\" : null,\r\n    \"validateType\" : null,\r\n    \"error\" : null,\r\n    \"expression\" : null\r\n  } ],\r\n  \"option\" : \"[]\",\r\n  \"requestBody\" : \"{\\r\\n\\t\\r\\n}\",\r\n  \"headers\" : [ {\r\n    \"name\" : \"Content-Type\",\r\n    \"value\" : \"application/x-www-form-urlencoded\",\r\n    \"description\" : \"请求头\",\r\n    \"required\" : false,\r\n    \"dataType\" : \"String\",\r\n    \"type\" : null,\r\n    \"defaultValue\" : \"application/x-www-form-urlencoded\",\r\n    \"validateType\" : null,\r\n    \"error\" : null,\r\n    \"expression\" : null\r\n  } ],\r\n  \"paths\" : [ ],\r\n  \"responseBody\" : \"{\\n    \\\"code\\\": 200,\\n    \\\"msg\\\": \\\"success\\\",\\n    \\\"data\\\": [\\n        {\\n            \\\"id\\\": 6,\\n            \\\"name\\\": \\\"张三\\\",\\n            \\\"nickname\\\": \\\"jesse\\\",\\n            \\\"mobile\\\": \\\"\\\",\\n            \\\"sex\\\": true,\\n            \\\"pic\\\": \\\"https://thirdwx.qlogo.cn/mmopen/vi_32/6ovmMWsJ23kwr254n33u2mwBPQqCX1Sxx9wSer2jyQDk1dneB89RM2w3gmN1otysTFvYqzYcvxcicTTBviaQKNmw/132\\\",\\n            \\\"source\\\": 1,\\n            \\\"wx_mini_open_id\\\": \\\"ozWsX0Qv1XKW3cBcskGCYF0Ch5zA\\\",\\n            \\\"wx_union_id\\\": \\\"oU8skty5p6RDTJAD5D93_yDe2oE4\\\",\\n            \\\"create_by\\\": \\\"0\\\",\\n            \\\"create_time\\\": \\\"2020-11-06T18:05:30\\\",\\n            \\\"update_by\\\": \\\"0\\\",\\n            \\\"update_time\\\": \\\"2021-01-28T17:42:01\\\",\\n            \\\"remark\\\": \\\"\\\",\\n            \\\"del_status\\\": false\\n        },\\n        {\\n            \\\"id\\\": 7,\\n            \\\"name\\\": \\\"李四\\\",\\n            \\\"nickname\\\": \\\"jesse\\\",\\n            \\\"mobile\\\": \\\"\\\",\\n            \\\"sex\\\": true,\\n            \\\"pic\\\": \\\"https://thirdwx.qlogo.cn/mmopen/vi_32/s70y540FEyLUicWvQKTECuWeoyEPhXZKx74IgzJZGPjTWDsW3yVq5t8zCcTJJrzjfry1MibxWWYicIzS0BKpSVLwQ/132\\\",\\n            \\\"source\\\": 1,\\n            \\\"wx_mini_open_id\\\": \\\"\\\",\\n            \\\"wx_union_id\\\": \\\"\\\",\\n            \\\"create_by\\\": \\\"0\\\",\\n            \\\"create_time\\\": \\\"2021-04-08T11:57:26\\\",\\n            \\\"update_by\\\": \\\"0\\\",\\n            \\\"update_time\\\": \\\"2021-04-08T11:57:26\\\",\\n            \\\"remark\\\": \\\"\\\",\\n            \\\"del_status\\\": false\\n        },\\n        {\\n            \\\"id\\\": 8,\\n            \\\"name\\\": \\\"王五\\\",\\n            \\\"nickname\\\": \\\"jesse\\\",\\n            \\\"mobile\\\": \\\"\\\",\\n            \\\"sex\\\": true,\\n            \\\"pic\\\": \\\"https://thirdwx.qlogo.cn/mmopen/vi_32/s70y540FEyLUicWvQKTECuWeoyEPhXZKx74IgzJZGPjTWDsW3yVq5t8zCcTJJrzjfry1MibxWWYicIzS0BKpSVLwQ/132\\\",\\n            \\\"source\\\": 1,\\n            \\\"wx_mini_open_id\\\": \\\"oGtEC5dFL_i0Tg6pBd7H9VP2fBts\\\",\\n            \\\"wx_union_id\\\": \\\"\\\",\\n            \\\"create_by\\\": \\\"0\\\",\\n            \\\"create_time\\\": \\\"2021-04-08T12:01:26\\\",\\n            \\\"update_by\\\": \\\"0\\\",\\n            \\\"update_time\\\": \\\"2021-04-22T11:03:20\\\",\\n            \\\"remark\\\": \\\"\\\",\\n            \\\"del_status\\\": false\\n        }\\n    ],\\n    \\\"timestamp\\\": 1621319244921,\\n    \\\"requestTime\\\": 1621319244867,\\n    \\\"executeTime\\\": 54\\n}\",\r\n  \"description\" : null,\r\n  \"optionMap\" : { }\r\n}\r\n================================\r\nvar sql = \"select * from biz_member_info\";    \r\nreturn db.select(sql);  //返回List'),('magic-api/backups/f5be2d60bd884a5689bbfc05b2cf1c7b/1621326510360.ms','{\r\n  \"id\" : \"f5be2d60bd884a5689bbfc05b2cf1c7b\",\r\n  \"script\" : null,\r\n  \"groupId\" : \"422e4943e34147e7966a033acc21edcc\",\r\n  \"name\" : \"会员列表\",\r\n  \"createTime\" : null,\r\n  \"updateTime\" : null,\r\n  \"method\" : \"GET\",\r\n  \"path\" : \"list\",\r\n  \"parameters\" : [ {\r\n    \"name\" : \"name\",\r\n    \"value\" : \"12\",\r\n    \"description\" : \"姓名\",\r\n    \"required\" : false,\r\n    \"dataType\" : \"String\",\r\n    \"type\" : null,\r\n    \"defaultValue\" : \"12\",\r\n    \"validateType\" : null,\r\n    \"error\" : null,\r\n    \"expression\" : null\r\n  } ],\r\n  \"option\" : \"[]\",\r\n  \"requestBody\" : \"{\\r\\n\\t\\r\\n}\",\r\n  \"headers\" : [ {\r\n    \"name\" : \"Content-Type\",\r\n    \"value\" : \"application/x-www-form-urlencoded\",\r\n    \"description\" : \"请求头\",\r\n    \"required\" : false,\r\n    \"dataType\" : \"String\",\r\n    \"type\" : null,\r\n    \"defaultValue\" : \"application/x-www-form-urlencoded\",\r\n    \"validateType\" : null,\r\n    \"error\" : null,\r\n    \"expression\" : null\r\n  } ],\r\n  \"paths\" : [ ],\r\n  \"responseBody\" : \"{\\n    \\\"code\\\": 200,\\n    \\\"msg\\\": \\\"success\\\",\\n    \\\"data\\\": [\\n        {\\n            \\\"id\\\": 6,\\n            \\\"name\\\": \\\"张三\\\",\\n            \\\"nickname\\\": \\\"jesse\\\",\\n            \\\"mobile\\\": \\\"\\\",\\n            \\\"sex\\\": true,\\n            \\\"pic\\\": \\\"https://thirdwx.qlogo.cn/mmopen/vi_32/6ovmMWsJ23kwr254n33u2mwBPQqCX1Sxx9wSer2jyQDk1dneB89RM2w3gmN1otysTFvYqzYcvxcicTTBviaQKNmw/132\\\",\\n            \\\"source\\\": 1,\\n            \\\"wx_mini_open_id\\\": \\\"ozWsX0Qv1XKW3cBcskGCYF0Ch5zA\\\",\\n            \\\"wx_union_id\\\": \\\"oU8skty5p6RDTJAD5D93_yDe2oE4\\\",\\n            \\\"create_by\\\": \\\"0\\\",\\n            \\\"create_time\\\": \\\"2020-11-06T18:05:30\\\",\\n            \\\"update_by\\\": \\\"0\\\",\\n            \\\"update_time\\\": \\\"2021-01-28T17:42:01\\\",\\n            \\\"remark\\\": \\\"\\\",\\n            \\\"del_status\\\": false\\n        },\\n        {\\n            \\\"id\\\": 7,\\n            \\\"name\\\": \\\"李四\\\",\\n            \\\"nickname\\\": \\\"jesse\\\",\\n            \\\"mobile\\\": \\\"\\\",\\n            \\\"sex\\\": true,\\n            \\\"pic\\\": \\\"https://thirdwx.qlogo.cn/mmopen/vi_32/s70y540FEyLUicWvQKTECuWeoyEPhXZKx74IgzJZGPjTWDsW3yVq5t8zCcTJJrzjfry1MibxWWYicIzS0BKpSVLwQ/132\\\",\\n            \\\"source\\\": 1,\\n            \\\"wx_mini_open_id\\\": \\\"\\\",\\n            \\\"wx_union_id\\\": \\\"\\\",\\n            \\\"create_by\\\": \\\"0\\\",\\n            \\\"create_time\\\": \\\"2021-04-08T11:57:26\\\",\\n            \\\"update_by\\\": \\\"0\\\",\\n            \\\"update_time\\\": \\\"2021-04-08T11:57:26\\\",\\n            \\\"remark\\\": \\\"\\\",\\n            \\\"del_status\\\": false\\n        },\\n        {\\n            \\\"id\\\": 8,\\n            \\\"name\\\": \\\"王五\\\",\\n            \\\"nickname\\\": \\\"jesse\\\",\\n            \\\"mobile\\\": \\\"\\\",\\n            \\\"sex\\\": true,\\n            \\\"pic\\\": \\\"https://thirdwx.qlogo.cn/mmopen/vi_32/s70y540FEyLUicWvQKTECuWeoyEPhXZKx74IgzJZGPjTWDsW3yVq5t8zCcTJJrzjfry1MibxWWYicIzS0BKpSVLwQ/132\\\",\\n            \\\"source\\\": 1,\\n            \\\"wx_mini_open_id\\\": \\\"oGtEC5dFL_i0Tg6pBd7H9VP2fBts\\\",\\n            \\\"wx_union_id\\\": \\\"\\\",\\n            \\\"create_by\\\": \\\"0\\\",\\n            \\\"create_time\\\": \\\"2021-04-08T12:01:26\\\",\\n            \\\"update_by\\\": \\\"0\\\",\\n            \\\"update_time\\\": \\\"2021-04-22T11:03:20\\\",\\n            \\\"remark\\\": \\\"\\\",\\n            \\\"del_status\\\": false\\n        }\\n    ],\\n    \\\"timestamp\\\": 1621319244921,\\n    \\\"requestTime\\\": 1621319244867,\\n    \\\"executeTime\\\": 54\\n}\",\r\n  \"description\" : null,\r\n  \"optionMap\" : { }\r\n}\r\n================================\r\nvar sql = \"select * from biz_member_info\";    \r\nreturn db.select(sql);  //返回List'),('magic-api/backups/f5be2d60bd884a5689bbfc05b2cf1c7b/1621326629397.ms','{\r\n  \"id\" : \"f5be2d60bd884a5689bbfc05b2cf1c7b\",\r\n  \"script\" : null,\r\n  \"groupId\" : \"422e4943e34147e7966a033acc21edcc\",\r\n  \"name\" : \"会员列表\",\r\n  \"createTime\" : null,\r\n  \"updateTime\" : null,\r\n  \"method\" : \"GET\",\r\n  \"path\" : \"list\",\r\n  \"parameters\" : [ ],\r\n  \"option\" : \"[]\",\r\n  \"requestBody\" : \"{\\r\\n\\t\\r\\n}\",\r\n  \"headers\" : [ {\r\n    \"name\" : \"Content-Type\",\r\n    \"value\" : \"application/x-www-form-urlencoded\",\r\n    \"description\" : \"请求头\",\r\n    \"required\" : false,\r\n    \"dataType\" : \"String\",\r\n    \"type\" : null,\r\n    \"defaultValue\" : \"application/x-www-form-urlencoded\",\r\n    \"validateType\" : null,\r\n    \"error\" : null,\r\n    \"expression\" : null\r\n  } ],\r\n  \"paths\" : [ ],\r\n  \"responseBody\" : \"{\\n    \\\"code\\\": 200,\\n    \\\"msg\\\": \\\"success\\\",\\n    \\\"data\\\": [\\n        {\\n            \\\"id\\\": 6,\\n            \\\"name\\\": \\\"张三\\\",\\n            \\\"nickname\\\": \\\"jesse\\\",\\n            \\\"mobile\\\": \\\"\\\",\\n            \\\"sex\\\": true,\\n            \\\"pic\\\": \\\"https://thirdwx.qlogo.cn/mmopen/vi_32/6ovmMWsJ23kwr254n33u2mwBPQqCX1Sxx9wSer2jyQDk1dneB89RM2w3gmN1otysTFvYqzYcvxcicTTBviaQKNmw/132\\\",\\n            \\\"source\\\": 1,\\n            \\\"wx_mini_open_id\\\": \\\"ozWsX0Qv1XKW3cBcskGCYF0Ch5zA\\\",\\n            \\\"wx_union_id\\\": \\\"oU8skty5p6RDTJAD5D93_yDe2oE4\\\",\\n            \\\"create_by\\\": \\\"0\\\",\\n            \\\"create_time\\\": \\\"2020-11-06T18:05:30\\\",\\n            \\\"update_by\\\": \\\"0\\\",\\n            \\\"update_time\\\": \\\"2021-01-28T17:42:01\\\",\\n            \\\"remark\\\": \\\"\\\",\\n            \\\"del_status\\\": false\\n        },\\n        {\\n            \\\"id\\\": 7,\\n            \\\"name\\\": \\\"李四\\\",\\n            \\\"nickname\\\": \\\"jesse\\\",\\n            \\\"mobile\\\": \\\"\\\",\\n            \\\"sex\\\": true,\\n            \\\"pic\\\": \\\"https://thirdwx.qlogo.cn/mmopen/vi_32/s70y540FEyLUicWvQKTECuWeoyEPhXZKx74IgzJZGPjTWDsW3yVq5t8zCcTJJrzjfry1MibxWWYicIzS0BKpSVLwQ/132\\\",\\n            \\\"source\\\": 1,\\n            \\\"wx_mini_open_id\\\": \\\"\\\",\\n            \\\"wx_union_id\\\": \\\"\\\",\\n            \\\"create_by\\\": \\\"0\\\",\\n            \\\"create_time\\\": \\\"2021-04-08T11:57:26\\\",\\n            \\\"update_by\\\": \\\"0\\\",\\n            \\\"update_time\\\": \\\"2021-04-08T11:57:26\\\",\\n            \\\"remark\\\": \\\"\\\",\\n            \\\"del_status\\\": false\\n        },\\n        {\\n            \\\"id\\\": 8,\\n            \\\"name\\\": \\\"王五\\\",\\n            \\\"nickname\\\": \\\"jesse\\\",\\n            \\\"mobile\\\": \\\"\\\",\\n            \\\"sex\\\": true,\\n            \\\"pic\\\": \\\"https://thirdwx.qlogo.cn/mmopen/vi_32/s70y540FEyLUicWvQKTECuWeoyEPhXZKx74IgzJZGPjTWDsW3yVq5t8zCcTJJrzjfry1MibxWWYicIzS0BKpSVLwQ/132\\\",\\n            \\\"source\\\": 1,\\n            \\\"wx_mini_open_id\\\": \\\"oGtEC5dFL_i0Tg6pBd7H9VP2fBts\\\",\\n            \\\"wx_union_id\\\": \\\"\\\",\\n            \\\"create_by\\\": \\\"0\\\",\\n            \\\"create_time\\\": \\\"2021-04-08T12:01:26\\\",\\n            \\\"update_by\\\": \\\"0\\\",\\n            \\\"update_time\\\": \\\"2021-04-22T11:03:20\\\",\\n            \\\"remark\\\": \\\"\\\",\\n            \\\"del_status\\\": false\\n        }\\n    ],\\n    \\\"timestamp\\\": 1621319244921,\\n    \\\"requestTime\\\": 1621319244867,\\n    \\\"executeTime\\\": 54\\n}\",\r\n  \"description\" : null,\r\n  \"optionMap\" : { }\r\n}\r\n================================\r\nvar sql = \"select * from biz_member_info\";    \r\nreturn db.select(sql);  //返回List'),('magic-api/backups/f5be2d60bd884a5689bbfc05b2cf1c7b/1621326646050.ms','{\r\n  \"id\" : \"f5be2d60bd884a5689bbfc05b2cf1c7b\",\r\n  \"script\" : null,\r\n  \"groupId\" : \"422e4943e34147e7966a033acc21edcc\",\r\n  \"name\" : \"会员列表\",\r\n  \"createTime\" : null,\r\n  \"updateTime\" : null,\r\n  \"method\" : \"GET\",\r\n  \"path\" : \"list\",\r\n  \"parameters\" : [ ],\r\n  \"option\" : \"[]\",\r\n  \"requestBody\" : \"{\\r\\n\\t\\r\\n}\",\r\n  \"headers\" : [ ],\r\n  \"paths\" : [ ],\r\n  \"responseBody\" : \"{\\n    \\\"code\\\": 200,\\n    \\\"msg\\\": \\\"success\\\",\\n    \\\"data\\\": [\\n        {\\n            \\\"id\\\": 6,\\n            \\\"name\\\": \\\"张三\\\",\\n            \\\"nickname\\\": \\\"jesse\\\",\\n            \\\"mobile\\\": \\\"\\\",\\n            \\\"sex\\\": true,\\n            \\\"pic\\\": \\\"https://thirdwx.qlogo.cn/mmopen/vi_32/6ovmMWsJ23kwr254n33u2mwBPQqCX1Sxx9wSer2jyQDk1dneB89RM2w3gmN1otysTFvYqzYcvxcicTTBviaQKNmw/132\\\",\\n            \\\"source\\\": 1,\\n            \\\"wx_mini_open_id\\\": \\\"ozWsX0Qv1XKW3cBcskGCYF0Ch5zA\\\",\\n            \\\"wx_union_id\\\": \\\"oU8skty5p6RDTJAD5D93_yDe2oE4\\\",\\n            \\\"create_by\\\": \\\"0\\\",\\n            \\\"create_time\\\": \\\"2020-11-06T18:05:30\\\",\\n            \\\"update_by\\\": \\\"0\\\",\\n            \\\"update_time\\\": \\\"2021-01-28T17:42:01\\\",\\n            \\\"remark\\\": \\\"\\\",\\n            \\\"del_status\\\": false\\n        },\\n        {\\n            \\\"id\\\": 7,\\n            \\\"name\\\": \\\"李四\\\",\\n            \\\"nickname\\\": \\\"jesse\\\",\\n            \\\"mobile\\\": \\\"\\\",\\n            \\\"sex\\\": true,\\n            \\\"pic\\\": \\\"https://thirdwx.qlogo.cn/mmopen/vi_32/s70y540FEyLUicWvQKTECuWeoyEPhXZKx74IgzJZGPjTWDsW3yVq5t8zCcTJJrzjfry1MibxWWYicIzS0BKpSVLwQ/132\\\",\\n            \\\"source\\\": 1,\\n            \\\"wx_mini_open_id\\\": \\\"\\\",\\n            \\\"wx_union_id\\\": \\\"\\\",\\n            \\\"create_by\\\": \\\"0\\\",\\n            \\\"create_time\\\": \\\"2021-04-08T11:57:26\\\",\\n            \\\"update_by\\\": \\\"0\\\",\\n            \\\"update_time\\\": \\\"2021-04-08T11:57:26\\\",\\n            \\\"remark\\\": \\\"\\\",\\n            \\\"del_status\\\": false\\n        },\\n        {\\n            \\\"id\\\": 8,\\n            \\\"name\\\": \\\"王五\\\",\\n            \\\"nickname\\\": \\\"jesse\\\",\\n            \\\"mobile\\\": \\\"\\\",\\n            \\\"sex\\\": true,\\n            \\\"pic\\\": \\\"https://thirdwx.qlogo.cn/mmopen/vi_32/s70y540FEyLUicWvQKTECuWeoyEPhXZKx74IgzJZGPjTWDsW3yVq5t8zCcTJJrzjfry1MibxWWYicIzS0BKpSVLwQ/132\\\",\\n            \\\"source\\\": 1,\\n            \\\"wx_mini_open_id\\\": \\\"oGtEC5dFL_i0Tg6pBd7H9VP2fBts\\\",\\n            \\\"wx_union_id\\\": \\\"\\\",\\n            \\\"create_by\\\": \\\"0\\\",\\n            \\\"create_time\\\": \\\"2021-04-08T12:01:26\\\",\\n            \\\"update_by\\\": \\\"0\\\",\\n            \\\"update_time\\\": \\\"2021-04-22T11:03:20\\\",\\n            \\\"remark\\\": \\\"\\\",\\n            \\\"del_status\\\": false\\n        }\\n    ],\\n    \\\"timestamp\\\": 1621319244921,\\n    \\\"requestTime\\\": 1621319244867,\\n    \\\"executeTime\\\": 54\\n}\",\r\n  \"description\" : null,\r\n  \"optionMap\" : { }\r\n}\r\n================================\r\nvar sql = \"select * from biz_member_info\";    \r\nreturn db.select(sql);  //返回List'),('magic-api/backups/f5be2d60bd884a5689bbfc05b2cf1c7b/1621326948556.ms','{\r\n  \"id\" : \"f5be2d60bd884a5689bbfc05b2cf1c7b\",\r\n  \"script\" : null,\r\n  \"groupId\" : \"422e4943e34147e7966a033acc21edcc\",\r\n  \"name\" : \"会员列表\",\r\n  \"createTime\" : null,\r\n  \"updateTime\" : null,\r\n  \"method\" : \"GET\",\r\n  \"path\" : \"list\",\r\n  \"parameters\" : [ {\r\n    \"name\" : \"name\",\r\n    \"value\" : \"姓名\",\r\n    \"description\" : \"姓名\",\r\n    \"required\" : false,\r\n    \"dataType\" : \"String\",\r\n    \"type\" : null,\r\n    \"defaultValue\" : \"\",\r\n    \"validateType\" : null,\r\n    \"error\" : null,\r\n    \"expression\" : null\r\n  } ],\r\n  \"option\" : \"[]\",\r\n  \"requestBody\" : \"{\\r\\n\\t\\r\\n}\",\r\n  \"headers\" : [ ],\r\n  \"paths\" : [ ],\r\n  \"responseBody\" : \"{\\n    \\\"code\\\": 200,\\n    \\\"msg\\\": \\\"success\\\",\\n    \\\"data\\\": [\\n        {\\n            \\\"id\\\": 6,\\n            \\\"name\\\": \\\"张三\\\",\\n            \\\"nickname\\\": \\\"jesse\\\",\\n            \\\"mobile\\\": \\\"\\\",\\n            \\\"sex\\\": true,\\n            \\\"pic\\\": \\\"https://thirdwx.qlogo.cn/mmopen/vi_32/6ovmMWsJ23kwr254n33u2mwBPQqCX1Sxx9wSer2jyQDk1dneB89RM2w3gmN1otysTFvYqzYcvxcicTTBviaQKNmw/132\\\",\\n            \\\"source\\\": 1,\\n            \\\"wx_mini_open_id\\\": \\\"ozWsX0Qv1XKW3cBcskGCYF0Ch5zA\\\",\\n            \\\"wx_union_id\\\": \\\"oU8skty5p6RDTJAD5D93_yDe2oE4\\\",\\n            \\\"create_by\\\": \\\"0\\\",\\n            \\\"create_time\\\": \\\"2020-11-06T18:05:30\\\",\\n            \\\"update_by\\\": \\\"0\\\",\\n            \\\"update_time\\\": \\\"2021-01-28T17:42:01\\\",\\n            \\\"remark\\\": \\\"\\\",\\n            \\\"del_status\\\": false\\n        },\\n        {\\n            \\\"id\\\": 7,\\n            \\\"name\\\": \\\"李四\\\",\\n            \\\"nickname\\\": \\\"jesse\\\",\\n            \\\"mobile\\\": \\\"\\\",\\n            \\\"sex\\\": true,\\n            \\\"pic\\\": \\\"https://thirdwx.qlogo.cn/mmopen/vi_32/s70y540FEyLUicWvQKTECuWeoyEPhXZKx74IgzJZGPjTWDsW3yVq5t8zCcTJJrzjfry1MibxWWYicIzS0BKpSVLwQ/132\\\",\\n            \\\"source\\\": 1,\\n            \\\"wx_mini_open_id\\\": \\\"\\\",\\n            \\\"wx_union_id\\\": \\\"\\\",\\n            \\\"create_by\\\": \\\"0\\\",\\n            \\\"create_time\\\": \\\"2021-04-08T11:57:26\\\",\\n            \\\"update_by\\\": \\\"0\\\",\\n            \\\"update_time\\\": \\\"2021-04-08T11:57:26\\\",\\n            \\\"remark\\\": \\\"\\\",\\n            \\\"del_status\\\": false\\n        },\\n        {\\n            \\\"id\\\": 8,\\n            \\\"name\\\": \\\"王五\\\",\\n            \\\"nickname\\\": \\\"jesse\\\",\\n            \\\"mobile\\\": \\\"\\\",\\n            \\\"sex\\\": true,\\n            \\\"pic\\\": \\\"https://thirdwx.qlogo.cn/mmopen/vi_32/s70y540FEyLUicWvQKTECuWeoyEPhXZKx74IgzJZGPjTWDsW3yVq5t8zCcTJJrzjfry1MibxWWYicIzS0BKpSVLwQ/132\\\",\\n            \\\"source\\\": 1,\\n            \\\"wx_mini_open_id\\\": \\\"oGtEC5dFL_i0Tg6pBd7H9VP2fBts\\\",\\n            \\\"wx_union_id\\\": \\\"\\\",\\n            \\\"create_by\\\": \\\"0\\\",\\n            \\\"create_time\\\": \\\"2021-04-08T12:01:26\\\",\\n            \\\"update_by\\\": \\\"0\\\",\\n            \\\"update_time\\\": \\\"2021-04-22T11:03:20\\\",\\n            \\\"remark\\\": \\\"\\\",\\n            \\\"del_status\\\": false\\n        }\\n    ],\\n    \\\"timestamp\\\": 1621319244921,\\n    \\\"requestTime\\\": 1621319244867,\\n    \\\"executeTime\\\": 54\\n}\",\r\n  \"description\" : null,\r\n  \"optionMap\" : { }\r\n}\r\n================================\r\nvar sql = \"select * from biz_member_info\";    \r\nreturn db.select(sql);  //返回List'),('magic-api/backups/f5be2d60bd884a5689bbfc05b2cf1c7b/1621329960533.ms','{\r\n  \"id\" : \"f5be2d60bd884a5689bbfc05b2cf1c7b\",\r\n  \"script\" : null,\r\n  \"groupId\" : \"422e4943e34147e7966a033acc21edcc\",\r\n  \"name\" : \"会员列表\",\r\n  \"createTime\" : null,\r\n  \"updateTime\" : null,\r\n  \"method\" : \"GET\",\r\n  \"path\" : \"list\",\r\n  \"parameters\" : [ {\r\n    \"name\" : \"name\",\r\n    \"value\" : \"姓名\",\r\n    \"description\" : \"姓名\",\r\n    \"required\" : false,\r\n    \"dataType\" : \"String\",\r\n    \"type\" : null,\r\n    \"defaultValue\" : \"\",\r\n    \"validateType\" : null,\r\n    \"error\" : null,\r\n    \"expression\" : null\r\n  } ],\r\n  \"option\" : \"[]\",\r\n  \"requestBody\" : \"{\\r\\n\\t\\r\\n}\",\r\n  \"headers\" : [ ],\r\n  \"paths\" : [ ],\r\n  \"responseBody\" : \"{\\n    \\\"code\\\": 200,\\n    \\\"msg\\\": \\\"success\\\",\\n    \\\"data\\\": [\\n        {\\n            \\\"id\\\": 6,\\n            \\\"name\\\": \\\"张三\\\",\\n            \\\"nickname\\\": \\\"jesse\\\",\\n            \\\"mobile\\\": \\\"\\\",\\n            \\\"sex\\\": true,\\n            \\\"pic\\\": \\\"https://thirdwx.qlogo.cn/mmopen/vi_32/6ovmMWsJ23kwr254n33u2mwBPQqCX1Sxx9wSer2jyQDk1dneB89RM2w3gmN1otysTFvYqzYcvxcicTTBviaQKNmw/132\\\",\\n            \\\"source\\\": 1,\\n            \\\"wx_mini_open_id\\\": \\\"ozWsX0Qv1XKW3cBcskGCYF0Ch5zA\\\",\\n            \\\"wx_union_id\\\": \\\"oU8skty5p6RDTJAD5D93_yDe2oE4\\\",\\n            \\\"create_by\\\": \\\"0\\\",\\n            \\\"create_time\\\": \\\"2020-11-06T18:05:30\\\",\\n            \\\"update_by\\\": \\\"0\\\",\\n            \\\"update_time\\\": \\\"2021-01-28T17:42:01\\\",\\n            \\\"remark\\\": \\\"\\\",\\n            \\\"del_status\\\": false\\n        },\\n        {\\n            \\\"id\\\": 7,\\n            \\\"name\\\": \\\"李四\\\",\\n            \\\"nickname\\\": \\\"jesse\\\",\\n            \\\"mobile\\\": \\\"\\\",\\n            \\\"sex\\\": true,\\n            \\\"pic\\\": \\\"https://thirdwx.qlogo.cn/mmopen/vi_32/s70y540FEyLUicWvQKTECuWeoyEPhXZKx74IgzJZGPjTWDsW3yVq5t8zCcTJJrzjfry1MibxWWYicIzS0BKpSVLwQ/132\\\",\\n            \\\"source\\\": 1,\\n            \\\"wx_mini_open_id\\\": \\\"\\\",\\n            \\\"wx_union_id\\\": \\\"\\\",\\n            \\\"create_by\\\": \\\"0\\\",\\n            \\\"create_time\\\": \\\"2021-04-08T11:57:26\\\",\\n            \\\"update_by\\\": \\\"0\\\",\\n            \\\"update_time\\\": \\\"2021-04-08T11:57:26\\\",\\n            \\\"remark\\\": \\\"\\\",\\n            \\\"del_status\\\": false\\n        },\\n        {\\n            \\\"id\\\": 8,\\n            \\\"name\\\": \\\"王五\\\",\\n            \\\"nickname\\\": \\\"jesse\\\",\\n            \\\"mobile\\\": \\\"\\\",\\n            \\\"sex\\\": true,\\n            \\\"pic\\\": \\\"https://thirdwx.qlogo.cn/mmopen/vi_32/s70y540FEyLUicWvQKTECuWeoyEPhXZKx74IgzJZGPjTWDsW3yVq5t8zCcTJJrzjfry1MibxWWYicIzS0BKpSVLwQ/132\\\",\\n            \\\"source\\\": 1,\\n            \\\"wx_mini_open_id\\\": \\\"oGtEC5dFL_i0Tg6pBd7H9VP2fBts\\\",\\n            \\\"wx_union_id\\\": \\\"\\\",\\n            \\\"create_by\\\": \\\"0\\\",\\n            \\\"create_time\\\": \\\"2021-04-08T12:01:26\\\",\\n            \\\"update_by\\\": \\\"0\\\",\\n            \\\"update_time\\\": \\\"2021-04-22T11:03:20\\\",\\n            \\\"remark\\\": \\\"\\\",\\n            \\\"del_status\\\": false\\n        }\\n    ],\\n    \\\"timestamp\\\": 1621319244921,\\n    \\\"requestTime\\\": 1621319244867,\\n    \\\"executeTime\\\": 54\\n}\",\r\n  \"description\" : null,\r\n  \"optionMap\" : { }\r\n}\r\n================================\r\nvar sql = \"select * from biz_member_info\";    \r\nreturn db.select(sql);  //返回List'),('magic-api/backups/f5be2d60bd884a5689bbfc05b2cf1c7b/1621827119787.ms','{\r\n  \"id\" : \"f5be2d60bd884a5689bbfc05b2cf1c7b\",\r\n  \"script\" : null,\r\n  \"groupId\" : \"422e4943e34147e7966a033acc21edcc\",\r\n  \"name\" : \"会员列表\",\r\n  \"createTime\" : null,\r\n  \"updateTime\" : 1621827119765,\r\n  \"method\" : \"GET\",\r\n  \"path\" : \"list\",\r\n  \"parameters\" : [ {\r\n    \"name\" : \"name\",\r\n    \"value\" : \"姓名\",\r\n    \"description\" : \"姓名\",\r\n    \"required\" : false,\r\n    \"dataType\" : \"String\",\r\n    \"type\" : null,\r\n    \"defaultValue\" : \"\",\r\n    \"validateType\" : null,\r\n    \"error\" : null,\r\n    \"expression\" : null\r\n  } ],\r\n  \"option\" : \"[]\",\r\n  \"requestBody\" : \"{\\r\\n\\t\\r\\n}\",\r\n  \"headers\" : [ ],\r\n  \"paths\" : [ ],\r\n  \"responseBody\" : \"{\\n    \\\"code\\\": 200,\\n    \\\"msg\\\": \\\"success\\\",\\n    \\\"data\\\": [\\n        {\\n            \\\"id\\\": 6,\\n            \\\"name\\\": \\\"张三\\\",\\n            \\\"nickname\\\": \\\"jesse\\\",\\n            \\\"mobile\\\": \\\"\\\",\\n            \\\"sex\\\": true,\\n            \\\"pic\\\": \\\"https://thirdwx.qlogo.cn/mmopen/vi_32/6ovmMWsJ23kwr254n33u2mwBPQqCX1Sxx9wSer2jyQDk1dneB89RM2w3gmN1otysTFvYqzYcvxcicTTBviaQKNmw/132\\\",\\n            \\\"source\\\": 1,\\n            \\\"wx_mini_open_id\\\": \\\"ozWsX0Qv1XKW3cBcskGCYF0Ch5zA\\\",\\n            \\\"wx_union_id\\\": \\\"oU8skty5p6RDTJAD5D93_yDe2oE4\\\",\\n            \\\"create_by\\\": \\\"0\\\",\\n            \\\"create_time\\\": \\\"2020-11-06T18:05:30\\\",\\n            \\\"update_by\\\": \\\"0\\\",\\n            \\\"update_time\\\": \\\"2021-01-28T17:42:01\\\",\\n            \\\"remark\\\": \\\"\\\",\\n            \\\"del_status\\\": false\\n        },\\n        {\\n            \\\"id\\\": 7,\\n            \\\"name\\\": \\\"李四\\\",\\n            \\\"nickname\\\": \\\"jesse\\\",\\n            \\\"mobile\\\": \\\"\\\",\\n            \\\"sex\\\": true,\\n            \\\"pic\\\": \\\"https://thirdwx.qlogo.cn/mmopen/vi_32/s70y540FEyLUicWvQKTECuWeoyEPhXZKx74IgzJZGPjTWDsW3yVq5t8zCcTJJrzjfry1MibxWWYicIzS0BKpSVLwQ/132\\\",\\n            \\\"source\\\": 1,\\n            \\\"wx_mini_open_id\\\": \\\"\\\",\\n            \\\"wx_union_id\\\": \\\"\\\",\\n            \\\"create_by\\\": \\\"0\\\",\\n            \\\"create_time\\\": \\\"2021-04-08T11:57:26\\\",\\n            \\\"update_by\\\": \\\"0\\\",\\n            \\\"update_time\\\": \\\"2021-04-08T11:57:26\\\",\\n            \\\"remark\\\": \\\"\\\",\\n            \\\"del_status\\\": false\\n        },\\n        {\\n            \\\"id\\\": 8,\\n            \\\"name\\\": \\\"王五\\\",\\n            \\\"nickname\\\": \\\"jesse\\\",\\n            \\\"mobile\\\": \\\"\\\",\\n            \\\"sex\\\": true,\\n            \\\"pic\\\": \\\"https://thirdwx.qlogo.cn/mmopen/vi_32/s70y540FEyLUicWvQKTECuWeoyEPhXZKx74IgzJZGPjTWDsW3yVq5t8zCcTJJrzjfry1MibxWWYicIzS0BKpSVLwQ/132\\\",\\n            \\\"source\\\": 1,\\n            \\\"wx_mini_open_id\\\": \\\"oGtEC5dFL_i0Tg6pBd7H9VP2fBts\\\",\\n            \\\"wx_union_id\\\": \\\"\\\",\\n            \\\"create_by\\\": \\\"0\\\",\\n            \\\"create_time\\\": \\\"2021-04-08T12:01:26\\\",\\n            \\\"update_by\\\": \\\"0\\\",\\n            \\\"update_time\\\": \\\"2021-04-22T11:03:20\\\",\\n            \\\"remark\\\": \\\"\\\",\\n            \\\"del_status\\\": false\\n        }\\n    ],\\n    \\\"timestamp\\\": 1621319244921,\\n    \\\"requestTime\\\": 1621319244867,\\n    \\\"executeTime\\\": 54\\n}\",\r\n  \"description\" : null,\r\n  \"optionMap\" : { }\r\n}\r\n================================\r\nvar sql = \"select * from biz_member_info o where o.del_status=0\";    \r\nreturn db.select(sql);  //返回List'),('magic-api/backups/f5be2d60bd884a5689bbfc05b2cf1c7b/1621827292118.ms','{\r\n  \"id\" : \"f5be2d60bd884a5689bbfc05b2cf1c7b\",\r\n  \"script\" : null,\r\n  \"groupId\" : \"422e4943e34147e7966a033acc21edcc\",\r\n  \"name\" : \"会员列表\",\r\n  \"createTime\" : null,\r\n  \"updateTime\" : 1621827292114,\r\n  \"method\" : \"GET\",\r\n  \"path\" : \"list\",\r\n  \"parameters\" : [ {\r\n    \"name\" : \"name\",\r\n    \"value\" : \"姓名\",\r\n    \"description\" : \"姓名\",\r\n    \"required\" : false,\r\n    \"dataType\" : \"String\",\r\n    \"type\" : null,\r\n    \"defaultValue\" : \"\",\r\n    \"validateType\" : null,\r\n    \"error\" : null,\r\n    \"expression\" : null\r\n  } ],\r\n  \"option\" : \"[]\",\r\n  \"requestBody\" : \"{\\r\\n\\t\\r\\n}\",\r\n  \"headers\" : [ ],\r\n  \"paths\" : [ ],\r\n  \"responseBody\" : \"{\\n    \\\"code\\\": 200,\\n    \\\"msg\\\": \\\"success\\\",\\n    \\\"data\\\": [\\n        {\\n            \\\"id\\\": 6,\\n            \\\"name\\\": \\\"张三\\\",\\n            \\\"nickname\\\": \\\"jesse\\\",\\n            \\\"mobile\\\": \\\"\\\",\\n            \\\"sex\\\": true,\\n            \\\"pic\\\": \\\"https://thirdwx.qlogo.cn/mmopen/vi_32/6ovmMWsJ23kwr254n33u2mwBPQqCX1Sxx9wSer2jyQDk1dneB89RM2w3gmN1otysTFvYqzYcvxcicTTBviaQKNmw/132\\\",\\n            \\\"source\\\": 1,\\n            \\\"wx_mini_open_id\\\": \\\"ozWsX0Qv1XKW3cBcskGCYF0Ch5zA\\\",\\n            \\\"wx_union_id\\\": \\\"oU8skty5p6RDTJAD5D93_yDe2oE4\\\",\\n            \\\"create_by\\\": \\\"0\\\",\\n            \\\"create_time\\\": \\\"2020-11-06T18:05:30\\\",\\n            \\\"update_by\\\": \\\"0\\\",\\n            \\\"update_time\\\": \\\"2021-01-28T17:42:01\\\",\\n            \\\"remark\\\": \\\"\\\",\\n            \\\"del_status\\\": false\\n        },\\n        {\\n            \\\"id\\\": 7,\\n            \\\"name\\\": \\\"李四\\\",\\n            \\\"nickname\\\": \\\"jesse\\\",\\n            \\\"mobile\\\": \\\"\\\",\\n            \\\"sex\\\": true,\\n            \\\"pic\\\": \\\"https://thirdwx.qlogo.cn/mmopen/vi_32/s70y540FEyLUicWvQKTECuWeoyEPhXZKx74IgzJZGPjTWDsW3yVq5t8zCcTJJrzjfry1MibxWWYicIzS0BKpSVLwQ/132\\\",\\n            \\\"source\\\": 1,\\n            \\\"wx_mini_open_id\\\": \\\"\\\",\\n            \\\"wx_union_id\\\": \\\"\\\",\\n            \\\"create_by\\\": \\\"0\\\",\\n            \\\"create_time\\\": \\\"2021-04-08T11:57:26\\\",\\n            \\\"update_by\\\": \\\"0\\\",\\n            \\\"update_time\\\": \\\"2021-04-08T11:57:26\\\",\\n            \\\"remark\\\": \\\"\\\",\\n            \\\"del_status\\\": false\\n        },\\n        {\\n            \\\"id\\\": 8,\\n            \\\"name\\\": \\\"王五\\\",\\n            \\\"nickname\\\": \\\"jesse\\\",\\n            \\\"mobile\\\": \\\"\\\",\\n            \\\"sex\\\": true,\\n            \\\"pic\\\": \\\"https://thirdwx.qlogo.cn/mmopen/vi_32/s70y540FEyLUicWvQKTECuWeoyEPhXZKx74IgzJZGPjTWDsW3yVq5t8zCcTJJrzjfry1MibxWWYicIzS0BKpSVLwQ/132\\\",\\n            \\\"source\\\": 1,\\n            \\\"wx_mini_open_id\\\": \\\"oGtEC5dFL_i0Tg6pBd7H9VP2fBts\\\",\\n            \\\"wx_union_id\\\": \\\"\\\",\\n            \\\"create_by\\\": \\\"0\\\",\\n            \\\"create_time\\\": \\\"2021-04-08T12:01:26\\\",\\n            \\\"update_by\\\": \\\"0\\\",\\n            \\\"update_time\\\": \\\"2021-04-22T11:03:20\\\",\\n            \\\"remark\\\": \\\"\\\",\\n            \\\"del_status\\\": false\\n        }\\n    ],\\n    \\\"timestamp\\\": 1621827126558,\\n    \\\"requestTime\\\": 1621827126547,\\n    \\\"executeTime\\\": 11\\n}\",\r\n  \"description\" : null,\r\n  \"optionMap\" : { }\r\n}\r\n================================\r\nvar sql = \"select * from biz_member_info o where o.del_status=0\";   \r\nif (name != null && \'\' != name) {\r\n    sql += \" and o.name like group_concat(\'%\',#{name},\'%\')\"\r\n} \r\nreturn db.select(sql);  //返回List'),('magic-api/backups/f5be2d60bd884a5689bbfc05b2cf1c7b/1621827394791.ms','{\r\n  \"id\" : \"f5be2d60bd884a5689bbfc05b2cf1c7b\",\r\n  \"script\" : null,\r\n  \"groupId\" : \"422e4943e34147e7966a033acc21edcc\",\r\n  \"name\" : \"会员列表\",\r\n  \"createTime\" : null,\r\n  \"updateTime\" : 1621827394789,\r\n  \"method\" : \"GET\",\r\n  \"path\" : \"list\",\r\n  \"parameters\" : [ {\r\n    \"name\" : \"name\",\r\n    \"value\" : \"姓名\",\r\n    \"description\" : \"姓名\",\r\n    \"required\" : false,\r\n    \"dataType\" : \"String\",\r\n    \"type\" : null,\r\n    \"defaultValue\" : \"\",\r\n    \"validateType\" : null,\r\n    \"error\" : null,\r\n    \"expression\" : null\r\n  } ],\r\n  \"option\" : \"[]\",\r\n  \"requestBody\" : \"{\\r\\n\\t\\r\\n}\",\r\n  \"headers\" : [ ],\r\n  \"paths\" : [ ],\r\n  \"responseBody\" : \"{\\n    \\\"code\\\": -1000,\\n    \\\"msg\\\": \\\"PreparedStatementCallback; uncategorized SQLException for SQL [select * from biz_member_info o where o.del_status=0 and o.name like group_concat(\'%\',?,\'%\')]; SQL state [HY000]; error code [1111]; Invalid use of group function; nested exception is java.sql.SQLException: Invalid use of group function\\\",\\n    \\\"data\\\": null,\\n    \\\"timestamp\\\": 1621827309767,\\n    \\\"requestTime\\\": 1621827309759,\\n    \\\"executeTime\\\": 8\\n}\",\r\n  \"description\" : null,\r\n  \"optionMap\" : { }\r\n}\r\n================================\r\nvar sql = \"select * from biz_member_info o where o.del_status=0\";   \r\nif (name != null && \'\' != name) {\r\n    sql += \" and o.name like concat(\'%\',#{name},\'%\')\"\r\n} \r\nreturn db.select(sql);  //返回List'),('magic-api/backups/f5be2d60bd884a5689bbfc05b2cf1c7b/1621827407344.ms','{\r\n  \"id\" : \"f5be2d60bd884a5689bbfc05b2cf1c7b\",\r\n  \"script\" : null,\r\n  \"groupId\" : \"422e4943e34147e7966a033acc21edcc\",\r\n  \"name\" : \"会员列表\",\r\n  \"createTime\" : null,\r\n  \"updateTime\" : 1621827407342,\r\n  \"method\" : \"GET\",\r\n  \"path\" : \"list\",\r\n  \"parameters\" : [ {\r\n    \"name\" : \"name\",\r\n    \"value\" : \"姓名\",\r\n    \"description\" : \"姓名\",\r\n    \"required\" : false,\r\n    \"dataType\" : \"String\",\r\n    \"type\" : null,\r\n    \"defaultValue\" : \"张三\",\r\n    \"validateType\" : null,\r\n    \"error\" : null,\r\n    \"expression\" : null\r\n  } ],\r\n  \"option\" : \"[]\",\r\n  \"requestBody\" : \"{\\r\\n\\t\\r\\n}\",\r\n  \"headers\" : [ ],\r\n  \"paths\" : [ ],\r\n  \"responseBody\" : \"{\\n    \\\"code\\\": -1000,\\n    \\\"msg\\\": \\\"PreparedStatementCallback; uncategorized SQLException for SQL [select * from biz_member_info o where o.del_status=0 and o.name like group_concat(\'%\',?,\'%\')]; SQL state [HY000]; error code [1111]; Invalid use of group function; nested exception is java.sql.SQLException: Invalid use of group function\\\",\\n    \\\"data\\\": null,\\n    \\\"timestamp\\\": 1621827309767,\\n    \\\"requestTime\\\": 1621827309759,\\n    \\\"executeTime\\\": 8\\n}\",\r\n  \"description\" : null,\r\n  \"optionMap\" : { }\r\n}\r\n================================\r\nvar sql = \"select * from biz_member_info o where o.del_status=0\";   \r\nif (name != null && \'\' != name) {\r\n    sql += \" and o.name like concat(\'%\',#{name},\'%\')\"\r\n} \r\nreturn db.select(sql);  //返回List'),('magic-api/backups/f5be2d60bd884a5689bbfc05b2cf1c7b/1621827453292.ms','{\r\n  \"id\" : \"f5be2d60bd884a5689bbfc05b2cf1c7b\",\r\n  \"script\" : null,\r\n  \"groupId\" : \"422e4943e34147e7966a033acc21edcc\",\r\n  \"name\" : \"会员列表\",\r\n  \"createTime\" : null,\r\n  \"updateTime\" : 1621827453277,\r\n  \"method\" : \"GET\",\r\n  \"path\" : \"list\",\r\n  \"parameters\" : [ {\r\n    \"name\" : \"name\",\r\n    \"value\" : \"姓名\",\r\n    \"description\" : \"姓名\",\r\n    \"required\" : false,\r\n    \"dataType\" : \"String\",\r\n    \"type\" : null,\r\n    \"defaultValue\" : \"\",\r\n    \"validateType\" : null,\r\n    \"error\" : null,\r\n    \"expression\" : null\r\n  } ],\r\n  \"option\" : \"[]\",\r\n  \"requestBody\" : \"{\\r\\n\\t\\r\\n}\",\r\n  \"headers\" : [ ],\r\n  \"paths\" : [ ],\r\n  \"responseBody\" : \"{\\n    \\\"code\\\": 200,\\n    \\\"msg\\\": \\\"success\\\",\\n    \\\"data\\\": [],\\n    \\\"timestamp\\\": 1621827442620,\\n    \\\"requestTime\\\": 1621827442615,\\n    \\\"executeTime\\\": 5\\n}\",\r\n  \"description\" : null,\r\n  \"optionMap\" : { }\r\n}\r\n================================\r\nvar sql = \"select * from biz_member_info o where o.del_status=0\";   \r\nif (name != null && \'\' != name) {\r\n    sql += \" and o.name like concat(\'%\',#{name},\'%\')\"\r\n} \r\nreturn db.select(sql);  //返回List'),('magic-api/backups/f5be2d60bd884a5689bbfc05b2cf1c7b/1621827572277.ms','{\r\n  \"id\" : \"f5be2d60bd884a5689bbfc05b2cf1c7b\",\r\n  \"script\" : null,\r\n  \"groupId\" : \"422e4943e34147e7966a033acc21edcc\",\r\n  \"name\" : \"会员列表\",\r\n  \"createTime\" : null,\r\n  \"updateTime\" : 1621827572271,\r\n  \"method\" : \"GET\",\r\n  \"path\" : \"list\",\r\n  \"parameters\" : [ {\r\n    \"name\" : \"name\",\r\n    \"value\" : \"\\\"\\\"\",\r\n    \"description\" : \"姓名\",\r\n    \"required\" : false,\r\n    \"dataType\" : \"String\",\r\n    \"type\" : null,\r\n    \"defaultValue\" : \"\",\r\n    \"validateType\" : null,\r\n    \"error\" : null,\r\n    \"expression\" : null\r\n  } ],\r\n  \"option\" : \"[]\",\r\n  \"requestBody\" : \"{\\r\\n\\t\\r\\n}\",\r\n  \"headers\" : [ ],\r\n  \"paths\" : [ ],\r\n  \"responseBody\" : \"{\\n    \\\"code\\\": 200,\\n    \\\"msg\\\": \\\"success\\\",\\n    \\\"data\\\": [],\\n    \\\"timestamp\\\": 1621827556659,\\n    \\\"requestTime\\\": 1621827556657,\\n    \\\"executeTime\\\": 2\\n}\",\r\n  \"description\" : null,\r\n  \"optionMap\" : { }\r\n}\r\n================================\r\nvar sql = \"select * from biz_member_info o where o.del_status=0\";   \r\nif (name != null && \'\' != name) {\r\n    sql += \" and o.name like concat(\'%\',#{name},\'%\')\"\r\n} \r\nreturn db.select(sql);  //返回List'),('magic-api/backups/f5be2d60bd884a5689bbfc05b2cf1c7b/1621830454414.ms','{\r\n  \"id\" : \"f5be2d60bd884a5689bbfc05b2cf1c7b\",\r\n  \"script\" : null,\r\n  \"groupId\" : \"422e4943e34147e7966a033acc21edcc\",\r\n  \"name\" : \"会员列表\",\r\n  \"createTime\" : null,\r\n  \"updateTime\" : 1621830454409,\r\n  \"method\" : \"GET\",\r\n  \"path\" : \"list\",\r\n  \"parameters\" : [ {\r\n    \"name\" : \"name\",\r\n    \"value\" : \"\\\"\\\"\",\r\n    \"description\" : \"姓名\",\r\n    \"required\" : false,\r\n    \"dataType\" : \"String\",\r\n    \"type\" : null,\r\n    \"defaultValue\" : \"\",\r\n    \"validateType\" : null,\r\n    \"error\" : null,\r\n    \"expression\" : null\r\n  } ],\r\n  \"option\" : \"[]\",\r\n  \"requestBody\" : \"{\\r\\n\\t\\r\\n}\",\r\n  \"headers\" : [ ],\r\n  \"paths\" : [ ],\r\n  \"responseBody\" : \"{\\n    \\\"code\\\": 0,\\n    \\\"msg\\\": \\\"debug session not found!\\\",\\n    \\\"data\\\": null,\\n    \\\"timestamp\\\": 1621830422631,\\n    \\\"requestTime\\\": 1621830422631,\\n    \\\"executeTime\\\": 0\\n}\",\r\n  \"description\" : null,\r\n  \"optionMap\" : { }\r\n}\r\n================================\r\nvar sql = \"select * from biz_member_info o where o.del_status=0\";   \r\nif (name != null && \"\" != name) {\r\n    sql += \" and o.name like concat(\'%\',#{name},\'%\')\"\r\n} \r\nreturn db.select(sql);  //返回List'),('magic-api/backups/f5be2d60bd884a5689bbfc05b2cf1c7b/1621830517422.ms','{\r\n  \"id\" : \"f5be2d60bd884a5689bbfc05b2cf1c7b\",\r\n  \"script\" : null,\r\n  \"groupId\" : \"422e4943e34147e7966a033acc21edcc\",\r\n  \"name\" : \"会员列表\",\r\n  \"createTime\" : null,\r\n  \"updateTime\" : 1621830517419,\r\n  \"method\" : \"GET\",\r\n  \"path\" : \"list\",\r\n  \"parameters\" : [ {\r\n    \"name\" : \"name\",\r\n    \"value\" : \"\",\r\n    \"description\" : \"姓名\",\r\n    \"required\" : false,\r\n    \"dataType\" : \"String\",\r\n    \"type\" : null,\r\n    \"defaultValue\" : \"张三\",\r\n    \"validateType\" : null,\r\n    \"error\" : null,\r\n    \"expression\" : null\r\n  } ],\r\n  \"option\" : \"[]\",\r\n  \"requestBody\" : \"{\\r\\n\\t\\r\\n}\",\r\n  \"headers\" : [ ],\r\n  \"paths\" : [ ],\r\n  \"responseBody\" : \"{\\n    \\\"code\\\": 200,\\n    \\\"msg\\\": \\\"success\\\",\\n    \\\"data\\\": [],\\n    \\\"timestamp\\\": 1621830489845,\\n    \\\"requestTime\\\": 1621830489842,\\n    \\\"executeTime\\\": 3\\n}\",\r\n  \"description\" : null,\r\n  \"optionMap\" : { }\r\n}\r\n================================\r\nvar sql = \"select * from biz_member_info o where o.del_status=0\";   \r\nif (name != null && \"\" != name) {\r\n    sql += \" and o.name like concat(\'%\',#{name},\'%\')\"\r\n} \r\nreturn db.select(sql);  //返回List'),('magic-api/backups/f5be2d60bd884a5689bbfc05b2cf1c7b/1621836466619.ms','{\r\n  \"id\" : \"f5be2d60bd884a5689bbfc05b2cf1c7b\",\r\n  \"script\" : null,\r\n  \"groupId\" : \"422e4943e34147e7966a033acc21edcc\",\r\n  \"name\" : \"会员列表\",\r\n  \"createTime\" : null,\r\n  \"updateTime\" : 1621836466614,\r\n  \"method\" : \"GET\",\r\n  \"path\" : \"list\",\r\n  \"parameters\" : [ {\r\n    \"name\" : \"name\",\r\n    \"value\" : \"\",\r\n    \"description\" : \"姓名\",\r\n    \"required\" : false,\r\n    \"dataType\" : \"String\",\r\n    \"type\" : null,\r\n    \"defaultValue\" : \"\",\r\n    \"validateType\" : null,\r\n    \"error\" : null,\r\n    \"expression\" : null\r\n  } ],\r\n  \"option\" : \"[]\",\r\n  \"requestBody\" : \"{\\r\\n\\t\\r\\n}\",\r\n  \"headers\" : [ ],\r\n  \"paths\" : [ ],\r\n  \"responseBody\" : \"{\\n    \\\"code\\\": 200,\\n    \\\"msg\\\": \\\"success\\\",\\n    \\\"data\\\": [\\n        {\\n            \\\"id\\\": 6,\\n            \\\"name\\\": \\\"张三\\\",\\n            \\\"nickname\\\": \\\"jesse\\\",\\n            \\\"mobile\\\": \\\"\\\",\\n            \\\"sex\\\": true,\\n            \\\"pic\\\": \\\"https://thirdwx.qlogo.cn/mmopen/vi_32/6ovmMWsJ23kwr254n33u2mwBPQqCX1Sxx9wSer2jyQDk1dneB89RM2w3gmN1otysTFvYqzYcvxcicTTBviaQKNmw/132\\\",\\n            \\\"source\\\": 1,\\n            \\\"wx_mini_open_id\\\": \\\"ozWsX0Qv1XKW3cBcskGCYF0Ch5zA\\\",\\n            \\\"wx_union_id\\\": \\\"oU8skty5p6RDTJAD5D93_yDe2oE4\\\",\\n            \\\"create_by\\\": \\\"0\\\",\\n            \\\"create_time\\\": \\\"2020-11-06T18:05:30\\\",\\n            \\\"update_by\\\": \\\"0\\\",\\n            \\\"update_time\\\": \\\"2021-01-28T17:42:01\\\",\\n            \\\"remark\\\": \\\"\\\",\\n            \\\"del_status\\\": false\\n        }\\n    ],\\n    \\\"timestamp\\\": 1621836451617,\\n    \\\"requestTime\\\": 1621836451611,\\n    \\\"executeTime\\\": 6\\n}\",\r\n  \"description\" : null,\r\n  \"optionMap\" : { }\r\n}\r\n================================\r\nvar sql = \"select * from biz_member_info o where o.del_status=0\";   \r\nif (name != null && \"\" != name) {\r\n    sql += \" and o.name like concat(\'%\',#{name},\'%\')\"\r\n} \r\nreturn db.select(sql);  //返回List'),('magic-api/backups/f5be2d60bd884a5689bbfc05b2cf1c7b/1621836950576.ms','{\r\n  \"id\" : \"f5be2d60bd884a5689bbfc05b2cf1c7b\",\r\n  \"script\" : null,\r\n  \"groupId\" : \"422e4943e34147e7966a033acc21edcc\",\r\n  \"name\" : \"会员列表\",\r\n  \"createTime\" : null,\r\n  \"updateTime\" : 1621836950553,\r\n  \"method\" : \"GET\",\r\n  \"path\" : \"list\",\r\n  \"parameters\" : [ {\r\n    \"name\" : \"name\",\r\n    \"value\" : \"\",\r\n    \"description\" : \"姓名\",\r\n    \"required\" : false,\r\n    \"dataType\" : \"String\",\r\n    \"type\" : null,\r\n    \"defaultValue\" : \"\",\r\n    \"validateType\" : null,\r\n    \"error\" : null,\r\n    \"expression\" : null\r\n  } ],\r\n  \"option\" : \"[]\",\r\n  \"requestBody\" : \"{\\r\\n\\t\\r\\n}\",\r\n  \"headers\" : [ {\r\n    \"name\" : \"Authorization\",\r\n    \"value\" : \"\",\r\n    \"description\" : \"鉴权token\",\r\n    \"required\" : false,\r\n    \"dataType\" : \"String\",\r\n    \"type\" : null,\r\n    \"defaultValue\" : null,\r\n    \"validateType\" : null,\r\n    \"error\" : null,\r\n    \"expression\" : null\r\n  } ],\r\n  \"paths\" : [ ],\r\n  \"responseBody\" : \"{\\n    \\\"code\\\": 200,\\n    \\\"msg\\\": \\\"success\\\",\\n    \\\"data\\\": [\\n        {\\n            \\\"id\\\": 6,\\n            \\\"name\\\": \\\"张三\\\",\\n            \\\"nickname\\\": \\\"jesse\\\",\\n            \\\"mobile\\\": \\\"\\\",\\n            \\\"sex\\\": true,\\n            \\\"pic\\\": \\\"https://thirdwx.qlogo.cn/mmopen/vi_32/6ovmMWsJ23kwr254n33u2mwBPQqCX1Sxx9wSer2jyQDk1dneB89RM2w3gmN1otysTFvYqzYcvxcicTTBviaQKNmw/132\\\",\\n            \\\"source\\\": 1,\\n            \\\"wx_mini_open_id\\\": \\\"ozWsX0Qv1XKW3cBcskGCYF0Ch5zA\\\",\\n            \\\"wx_union_id\\\": \\\"oU8skty5p6RDTJAD5D93_yDe2oE4\\\",\\n            \\\"create_by\\\": \\\"0\\\",\\n            \\\"create_time\\\": \\\"2020-11-06T18:05:30\\\",\\n            \\\"update_by\\\": \\\"0\\\",\\n            \\\"update_time\\\": \\\"2021-01-28T17:42:01\\\",\\n            \\\"remark\\\": \\\"\\\",\\n            \\\"del_status\\\": false\\n        },\\n        {\\n            \\\"id\\\": 7,\\n            \\\"name\\\": \\\"李四\\\",\\n            \\\"nickname\\\": \\\"jesse\\\",\\n            \\\"mobile\\\": \\\"\\\",\\n            \\\"sex\\\": true,\\n            \\\"pic\\\": \\\"https://thirdwx.qlogo.cn/mmopen/vi_32/s70y540FEyLUicWvQKTECuWeoyEPhXZKx74IgzJZGPjTWDsW3yVq5t8zCcTJJrzjfry1MibxWWYicIzS0BKpSVLwQ/132\\\",\\n            \\\"source\\\": 1,\\n            \\\"wx_mini_open_id\\\": \\\"\\\",\\n            \\\"wx_union_id\\\": \\\"\\\",\\n            \\\"create_by\\\": \\\"0\\\",\\n            \\\"create_time\\\": \\\"2021-04-08T11:57:26\\\",\\n            \\\"update_by\\\": \\\"0\\\",\\n            \\\"update_time\\\": \\\"2021-04-08T11:57:26\\\",\\n            \\\"remark\\\": \\\"\\\",\\n            \\\"del_status\\\": false\\n        },\\n        {\\n            \\\"id\\\": 8,\\n            \\\"name\\\": \\\"王五\\\",\\n            \\\"nickname\\\": \\\"jesse\\\",\\n            \\\"mobile\\\": \\\"\\\",\\n            \\\"sex\\\": true,\\n            \\\"pic\\\": \\\"https://thirdwx.qlogo.cn/mmopen/vi_32/s70y540FEyLUicWvQKTECuWeoyEPhXZKx74IgzJZGPjTWDsW3yVq5t8zCcTJJrzjfry1MibxWWYicIzS0BKpSVLwQ/132\\\",\\n            \\\"source\\\": 1,\\n            \\\"wx_mini_open_id\\\": \\\"oGtEC5dFL_i0Tg6pBd7H9VP2fBts\\\",\\n            \\\"wx_union_id\\\": \\\"\\\",\\n            \\\"create_by\\\": \\\"0\\\",\\n            \\\"create_time\\\": \\\"2021-04-08T12:01:26\\\",\\n            \\\"update_by\\\": \\\"0\\\",\\n            \\\"update_time\\\": \\\"2021-04-22T11:03:20\\\",\\n            \\\"remark\\\": \\\"\\\",\\n            \\\"del_status\\\": false\\n        }\\n    ],\\n    \\\"timestamp\\\": 1621836675095,\\n    \\\"requestTime\\\": 1621836675029,\\n    \\\"executeTime\\\": 66\\n}\",\r\n  \"description\" : null,\r\n  \"optionMap\" : { }\r\n}\r\n================================\r\nvar sql = \"select * from biz_member_info o where o.del_status=0\";   \r\nif (name != null && \"\" != name) {\r\n    sql += \" and o.name like concat(\'%\',#{name},\'%\')\"\r\n} \r\nreturn db.select(sql);  //返回List'),('magic-api/backups/f5be2d60bd884a5689bbfc05b2cf1c7b/1622189064031.ms','{\r\n  \"id\" : \"f5be2d60bd884a5689bbfc05b2cf1c7b\",\r\n  \"script\" : null,\r\n  \"groupId\" : \"422e4943e34147e7966a033acc21edcc\",\r\n  \"name\" : \"会员列表\",\r\n  \"createTime\" : null,\r\n  \"updateTime\" : 1622189063985,\r\n  \"method\" : \"GET\",\r\n  \"path\" : \"list\",\r\n  \"parameters\" : [ {\r\n    \"name\" : \"name\",\r\n    \"value\" : \"\",\r\n    \"description\" : \"姓名\",\r\n    \"required\" : false,\r\n    \"dataType\" : \"String\",\r\n    \"type\" : null,\r\n    \"defaultValue\" : \"\",\r\n    \"validateType\" : null,\r\n    \"error\" : null,\r\n    \"expression\" : null\r\n  } ],\r\n  \"option\" : \"[]\",\r\n  \"requestBody\" : \"{\\r\\n\\t\\r\\n}\",\r\n  \"headers\" : [ {\r\n    \"name\" : \"Authorization\",\r\n    \"value\" : \"\",\r\n    \"description\" : \"鉴权token\",\r\n    \"required\" : false,\r\n    \"dataType\" : \"String\",\r\n    \"type\" : null,\r\n    \"defaultValue\" : null,\r\n    \"validateType\" : null,\r\n    \"error\" : null,\r\n    \"expression\" : null\r\n  } ],\r\n  \"paths\" : [ ],\r\n  \"responseBody\" : \"{\\n    \\\"code\\\": 401,\\n    \\\"msg\\\": \\\"请求访问：/admin/magic-api/member/list，认证失败，无法访问系统资源\\\"\\n}\",\r\n  \"description\" : null,\r\n  \"optionMap\" : { }\r\n}\r\n================================\r\nvar sql = \"select o.id,o.name from biz_member_info o where o.del_status=0\";   \r\nif (name != null && \"\" != name) {\r\n    sql += \" and o.name like concat(\'%\',#{name},\'%\')\"\r\n} \r\nreturn db.select(sql);  //返回List'),('magic-api/datasource/','this is directory'),('magic-api/function/','this is directory');

/*Table structure for table `qrtz_blob_triggers` */

DROP TABLE IF EXISTS `qrtz_blob_triggers`;

CREATE TABLE `qrtz_blob_triggers` (
  `sched_name` varchar(120) NOT NULL,
  `trigger_name` varchar(200) NOT NULL,
  `trigger_group` varchar(200) NOT NULL,
  `blob_data` blob,
  PRIMARY KEY (`sched_name`,`trigger_name`,`trigger_group`),
  CONSTRAINT `qrtz_blob_triggers_ibfk_1` FOREIGN KEY (`sched_name`, `trigger_name`, `trigger_group`) REFERENCES `qrtz_triggers` (`sched_name`, `trigger_name`, `trigger_group`)
) ENGINE=InnoDB DEFAULT CHARSET=utf8mb4;

/*Data for the table `qrtz_blob_triggers` */

/*Table structure for table `qrtz_calendars` */

DROP TABLE IF EXISTS `qrtz_calendars`;

CREATE TABLE `qrtz_calendars` (
  `sched_name` varchar(120) NOT NULL,
  `calendar_name` varchar(200) NOT NULL,
  `calendar` blob NOT NULL,
  PRIMARY KEY (`sched_name`,`calendar_name`)
) ENGINE=InnoDB DEFAULT CHARSET=utf8mb4;

/*Data for the table `qrtz_calendars` */

/*Table structure for table `qrtz_cron_triggers` */

DROP TABLE IF EXISTS `qrtz_cron_triggers`;

CREATE TABLE `qrtz_cron_triggers` (
  `sched_name` varchar(120) NOT NULL,
  `trigger_name` varchar(200) NOT NULL,
  `trigger_group` varchar(200) NOT NULL,
  `cron_expression` varchar(200) NOT NULL,
  `time_zone_id` varchar(80) DEFAULT NULL,
  PRIMARY KEY (`sched_name`,`trigger_name`,`trigger_group`),
  CONSTRAINT `qrtz_cron_triggers_ibfk_1` FOREIGN KEY (`sched_name`, `trigger_name`, `trigger_group`) REFERENCES `qrtz_triggers` (`sched_name`, `trigger_name`, `trigger_group`)
) ENGINE=InnoDB DEFAULT CHARSET=utf8mb4;

/*Data for the table `qrtz_cron_triggers` */

insert  into `qrtz_cron_triggers`(`sched_name`,`trigger_name`,`trigger_group`,`cron_expression`,`time_zone_id`) values ('jessefyzScheduler','TASK_CLASS_NAME1','DEFAULT','0/10 * * * * ?','Asia/Shanghai'),('jessefyzScheduler','TASK_CLASS_NAME2','DEFAULT','0/15 * * * * ?','Asia/Shanghai'),('jessefyzScheduler','TASK_CLASS_NAME3','DEFAULT','0/20 * * * * ?','Asia/Shanghai'),('mdframeworkScheduler','TASK_CLASS_NAME1','DEFAULT','0/10 * * * * ?','Asia/Shanghai'),('mdframeworkScheduler','TASK_CLASS_NAME2','DEFAULT','0/15 * * * * ?','Asia/Shanghai'),('mdframeworkScheduler','TASK_CLASS_NAME3','DEFAULT','0/20 * * * * ?','Asia/Shanghai'),('RuoyiScheduler','TASK_CLASS_NAME1','DEFAULT','0/10 * * * * ?','Asia/Shanghai'),('RuoyiScheduler','TASK_CLASS_NAME2','DEFAULT','0/15 * * * * ?','Asia/Shanghai'),('RuoyiScheduler','TASK_CLASS_NAME3','DEFAULT','0/20 * * * * ?','Asia/Shanghai');

/*Table structure for table `qrtz_fired_triggers` */

DROP TABLE IF EXISTS `qrtz_fired_triggers`;

CREATE TABLE `qrtz_fired_triggers` (
  `sched_name` varchar(120) NOT NULL,
  `entry_id` varchar(95) NOT NULL,
  `trigger_name` varchar(200) NOT NULL,
  `trigger_group` varchar(200) NOT NULL,
  `instance_name` varchar(200) NOT NULL,
  `fired_time` bigint(13) NOT NULL,
  `sched_time` bigint(13) NOT NULL,
  `priority` int(11) NOT NULL,
  `state` varchar(16) NOT NULL,
  `job_name` varchar(200) DEFAULT NULL,
  `job_group` varchar(200) DEFAULT NULL,
  `is_nonconcurrent` varchar(1) DEFAULT NULL,
  `requests_recovery` varchar(1) DEFAULT NULL,
  PRIMARY KEY (`sched_name`,`entry_id`)
) ENGINE=InnoDB DEFAULT CHARSET=utf8mb4;

/*Data for the table `qrtz_fired_triggers` */

/*Table structure for table `qrtz_job_details` */

DROP TABLE IF EXISTS `qrtz_job_details`;

CREATE TABLE `qrtz_job_details` (
  `sched_name` varchar(120) NOT NULL,
  `job_name` varchar(200) NOT NULL,
  `job_group` varchar(200) NOT NULL,
  `description` varchar(250) DEFAULT NULL,
  `job_class_name` varchar(250) NOT NULL,
  `is_durable` varchar(1) NOT NULL,
  `is_nonconcurrent` varchar(1) NOT NULL,
  `is_update_data` varchar(1) NOT NULL,
  `requests_recovery` varchar(1) NOT NULL,
  `job_data` blob,
  PRIMARY KEY (`sched_name`,`job_name`,`job_group`)
) ENGINE=InnoDB DEFAULT CHARSET=utf8mb4;

/*Data for the table `qrtz_job_details` */

insert  into `qrtz_job_details`(`sched_name`,`job_name`,`job_group`,`description`,`job_class_name`,`is_durable`,`is_nonconcurrent`,`is_update_data`,`requests_recovery`,`job_data`) values ('jessefyzScheduler','TASK_CLASS_NAME1','DEFAULT',NULL,'com.jessefyz.quartz.util.QuartzDisallowConcurrentExecution','0','1','0','0','��\0sr\0org.quartz.JobDataMap���迩��\0\0xr\0&org.quartz.utils.StringKeyDirtyFlagMap�����](\0Z\0allowsTransientDataxr\0org.quartz.utils.DirtyFlagMap�.�(v\n�\0Z\0dirtyL\0mapt\0Ljava/util/Map;xpsr\0java.util.HashMap���`�\0F\0\nloadFactorI\0	thresholdxp?@\0\0\0\0\0w\0\0\0\0\0\0t\0TASK_PROPERTIESsr\0!com.jessefyz.quartz.domain.SysJob\0\0\0\0\0\0\0\0L\0\nconcurrentt\0Ljava/lang/String;L\0cronExpressionq\0~\0	L\0invokeTargetq\0~\0	L\0jobGroupq\0~\0	L\0jobIdt\0Ljava/lang/Long;L\0jobNameq\0~\0	L\0\rmisfirePolicyq\0~\0	L\0statusq\0~\0	xr\0*com.jessefyz.common.core.domain.BaseEntity\0\0\0\0\0\0\0\0	L\0	beginTimeq\0~\0	L\0createByq\0~\0	L\0\ncreateTimet\0Ljava/util/Date;L\0endTimeq\0~\0	L\0paramsq\0~\0L\0remarkq\0~\0	L\0searchValueq\0~\0	L\0updateByq\0~\0	L\0\nupdateTimeq\0~\0xppt\0adminsr\0java.util.Datehj�KYt\0\0xpw\0\0un@�Pxppt\0\0pppt\01t\00/10 * * * * ?t\0ryTask.ryNoParamst\0DEFAULTsr\0java.lang.Long;��̏#�\0J\0valuexr\0java.lang.Number������\0\0xp\0\0\0\0\0\0\0t\0系统默认（无参）t\03t\01x\0'),('jessefyzScheduler','TASK_CLASS_NAME2','DEFAULT',NULL,'com.jessefyz.quartz.util.QuartzDisallowConcurrentExecution','0','1','0','0','��\0sr\0org.quartz.JobDataMap���迩��\0\0xr\0&org.quartz.utils.StringKeyDirtyFlagMap�����](\0Z\0allowsTransientDataxr\0org.quartz.utils.DirtyFlagMap�.�(v\n�\0Z\0dirtyL\0mapt\0Ljava/util/Map;xpsr\0java.util.HashMap���`�\0F\0\nloadFactorI\0	thresholdxp?@\0\0\0\0\0w\0\0\0\0\0\0t\0TASK_PROPERTIESsr\0!com.jessefyz.quartz.domain.SysJob\0\0\0\0\0\0\0\0L\0\nconcurrentt\0Ljava/lang/String;L\0cronExpressionq\0~\0	L\0invokeTargetq\0~\0	L\0jobGroupq\0~\0	L\0jobIdt\0Ljava/lang/Long;L\0jobNameq\0~\0	L\0\rmisfirePolicyq\0~\0	L\0statusq\0~\0	xr\0*com.jessefyz.common.core.domain.BaseEntity\0\0\0\0\0\0\0\0	L\0	beginTimeq\0~\0	L\0createByq\0~\0	L\0\ncreateTimet\0Ljava/util/Date;L\0endTimeq\0~\0	L\0paramsq\0~\0L\0remarkq\0~\0	L\0searchValueq\0~\0	L\0updateByq\0~\0	L\0\nupdateTimeq\0~\0xppt\0adminsr\0java.util.Datehj�KYt\0\0xpw\0\0un@�Pxppt\0\0pppt\01t\00/15 * * * * ?t\0ryTask.ryParams(\'ry\')t\0DEFAULTsr\0java.lang.Long;��̏#�\0J\0valuexr\0java.lang.Number������\0\0xp\0\0\0\0\0\0\0t\0系统默认（有参）t\03t\01x\0'),('jessefyzScheduler','TASK_CLASS_NAME3','DEFAULT',NULL,'com.jessefyz.quartz.util.QuartzDisallowConcurrentExecution','0','1','0','0','��\0sr\0org.quartz.JobDataMap���迩��\0\0xr\0&org.quartz.utils.StringKeyDirtyFlagMap�����](\0Z\0allowsTransientDataxr\0org.quartz.utils.DirtyFlagMap�.�(v\n�\0Z\0dirtyL\0mapt\0Ljava/util/Map;xpsr\0java.util.HashMap���`�\0F\0\nloadFactorI\0	thresholdxp?@\0\0\0\0\0w\0\0\0\0\0\0t\0TASK_PROPERTIESsr\0!com.jessefyz.quartz.domain.SysJob\0\0\0\0\0\0\0\0L\0\nconcurrentt\0Ljava/lang/String;L\0cronExpressionq\0~\0	L\0invokeTargetq\0~\0	L\0jobGroupq\0~\0	L\0jobIdt\0Ljava/lang/Long;L\0jobNameq\0~\0	L\0\rmisfirePolicyq\0~\0	L\0statusq\0~\0	xr\0*com.jessefyz.common.core.domain.BaseEntity\0\0\0\0\0\0\0\0	L\0	beginTimeq\0~\0	L\0createByq\0~\0	L\0\ncreateTimet\0Ljava/util/Date;L\0endTimeq\0~\0	L\0paramsq\0~\0L\0remarkq\0~\0	L\0searchValueq\0~\0	L\0updateByq\0~\0	L\0\nupdateTimeq\0~\0xppt\0adminsr\0java.util.Datehj�KYt\0\0xpw\0\0un@�Pxppt\0\0pppt\01t\00/20 * * * * ?t\08ryTask.ryMultipleParams(\'ry\', true, 2000L, 316.50D, 100)t\0DEFAULTsr\0java.lang.Long;��̏#�\0J\0valuexr\0java.lang.Number������\0\0xp\0\0\0\0\0\0\0t\0系统默认（多参）t\03t\01x\0'),('mdframeworkScheduler','TASK_CLASS_NAME1','DEFAULT',NULL,'com.mdframework.quartz.util.QuartzDisallowConcurrentExecution','0','1','0','0','��\0sr\0org.quartz.JobDataMap���迩��\0\0xr\0&org.quartz.utils.StringKeyDirtyFlagMap�����](\0Z\0allowsTransientDataxr\0org.quartz.utils.DirtyFlagMap�.�(v\n�\0Z\0dirtyL\0mapt\0Ljava/util/Map;xpsr\0java.util.HashMap���`�\0F\0\nloadFactorI\0	thresholdxp?@\0\0\0\0\0w\0\0\0\0\0\0t\0TASK_PROPERTIESsr\0$com.mdframework.quartz.domain.SysJob\0\0\0\0\0\0\0\0L\0\nconcurrentt\0Ljava/lang/String;L\0cronExpressionq\0~\0	L\0invokeTargetq\0~\0	L\0jobGroupq\0~\0	L\0jobIdt\0Ljava/lang/Long;L\0jobNameq\0~\0	L\0\rmisfirePolicyq\0~\0	L\0statusq\0~\0	xr\0-com.mdframework.common.core.domain.BaseEntity\0\0\0\0\0\0\0\0	L\0	beginTimeq\0~\0	L\0createByq\0~\0	L\0\ncreateTimet\0Ljava/util/Date;L\0endTimeq\0~\0	L\0paramsq\0~\0L\0remarkq\0~\0	L\0searchValueq\0~\0	L\0updateByq\0~\0	L\0\nupdateTimeq\0~\0xppt\0adminsr\0java.util.Datehj�KYt\0\0xpw\0\0un@�Pxppt\0\0pppt\01t\00/10 * * * * ?t\0ryTask.ryNoParamst\0DEFAULTsr\0java.lang.Long;��̏#�\0J\0valuexr\0java.lang.Number������\0\0xp\0\0\0\0\0\0\0t\0系统默认（无参）t\03t\01x\0'),('mdframeworkScheduler','TASK_CLASS_NAME2','DEFAULT',NULL,'com.mdframework.quartz.util.QuartzDisallowConcurrentExecution','0','1','0','0','��\0sr\0org.quartz.JobDataMap���迩��\0\0xr\0&org.quartz.utils.StringKeyDirtyFlagMap�����](\0Z\0allowsTransientDataxr\0org.quartz.utils.DirtyFlagMap�.�(v\n�\0Z\0dirtyL\0mapt\0Ljava/util/Map;xpsr\0java.util.HashMap���`�\0F\0\nloadFactorI\0	thresholdxp?@\0\0\0\0\0w\0\0\0\0\0\0t\0TASK_PROPERTIESsr\0$com.mdframework.quartz.domain.SysJob\0\0\0\0\0\0\0\0L\0\nconcurrentt\0Ljava/lang/String;L\0cronExpressionq\0~\0	L\0invokeTargetq\0~\0	L\0jobGroupq\0~\0	L\0jobIdt\0Ljava/lang/Long;L\0jobNameq\0~\0	L\0\rmisfirePolicyq\0~\0	L\0statusq\0~\0	xr\0-com.mdframework.common.core.domain.BaseEntity\0\0\0\0\0\0\0\0	L\0	beginTimeq\0~\0	L\0createByq\0~\0	L\0\ncreateTimet\0Ljava/util/Date;L\0endTimeq\0~\0	L\0paramsq\0~\0L\0remarkq\0~\0	L\0searchValueq\0~\0	L\0updateByq\0~\0	L\0\nupdateTimeq\0~\0xppt\0adminsr\0java.util.Datehj�KYt\0\0xpw\0\0un@�Pxppt\0\0pppt\01t\00/15 * * * * ?t\0ryTask.ryParams(\'ry\')t\0DEFAULTsr\0java.lang.Long;��̏#�\0J\0valuexr\0java.lang.Number������\0\0xp\0\0\0\0\0\0\0t\0系统默认（有参）t\03t\01x\0'),('mdframeworkScheduler','TASK_CLASS_NAME3','DEFAULT',NULL,'com.mdframework.quartz.util.QuartzDisallowConcurrentExecution','0','1','0','0','��\0sr\0org.quartz.JobDataMap���迩��\0\0xr\0&org.quartz.utils.StringKeyDirtyFlagMap�����](\0Z\0allowsTransientDataxr\0org.quartz.utils.DirtyFlagMap�.�(v\n�\0Z\0dirtyL\0mapt\0Ljava/util/Map;xpsr\0java.util.HashMap���`�\0F\0\nloadFactorI\0	thresholdxp?@\0\0\0\0\0w\0\0\0\0\0\0t\0TASK_PROPERTIESsr\0$com.mdframework.quartz.domain.SysJob\0\0\0\0\0\0\0\0L\0\nconcurrentt\0Ljava/lang/String;L\0cronExpressionq\0~\0	L\0invokeTargetq\0~\0	L\0jobGroupq\0~\0	L\0jobIdt\0Ljava/lang/Long;L\0jobNameq\0~\0	L\0\rmisfirePolicyq\0~\0	L\0statusq\0~\0	xr\0-com.mdframework.common.core.domain.BaseEntity\0\0\0\0\0\0\0\0	L\0	beginTimeq\0~\0	L\0createByq\0~\0	L\0\ncreateTimet\0Ljava/util/Date;L\0endTimeq\0~\0	L\0paramsq\0~\0L\0remarkq\0~\0	L\0searchValueq\0~\0	L\0updateByq\0~\0	L\0\nupdateTimeq\0~\0xppt\0adminsr\0java.util.Datehj�KYt\0\0xpw\0\0un@�Pxppt\0\0pppt\01t\00/20 * * * * ?t\08ryTask.ryMultipleParams(\'ry\', true, 2000L, 316.50D, 100)t\0DEFAULTsr\0java.lang.Long;��̏#�\0J\0valuexr\0java.lang.Number������\0\0xp\0\0\0\0\0\0\0t\0系统默认（多参）t\03t\01x\0'),('RuoyiScheduler','TASK_CLASS_NAME1','DEFAULT',NULL,'com.ruoyi.quartz.util.QuartzDisallowConcurrentExecution','0','1','0','0','��\0sr\0org.quartz.JobDataMap���迩��\0\0xr\0&org.quartz.utils.StringKeyDirtyFlagMap�����](\0Z\0allowsTransientDataxr\0org.quartz.utils.DirtyFlagMap�.�(v\n�\0Z\0dirtyL\0mapt\0Ljava/util/Map;xpsr\0java.util.HashMap���`�\0F\0\nloadFactorI\0	thresholdxp?@\0\0\0\0\0w\0\0\0\0\0\0t\0TASK_PROPERTIESsr\0com.ruoyi.quartz.domain.SysJob\0\0\0\0\0\0\0\0L\0\nconcurrentt\0Ljava/lang/String;L\0cronExpressionq\0~\0	L\0invokeTargetq\0~\0	L\0jobGroupq\0~\0	L\0jobIdt\0Ljava/lang/Long;L\0jobNameq\0~\0	L\0\rmisfirePolicyq\0~\0	L\0statusq\0~\0	xr\0\'com.ruoyi.common.core.domain.BaseEntity\0\0\0\0\0\0\0\0	L\0	beginTimeq\0~\0	L\0createByq\0~\0	L\0\ncreateTimet\0Ljava/util/Date;L\0endTimeq\0~\0	L\0paramsq\0~\0L\0remarkq\0~\0	L\0searchValueq\0~\0	L\0updateByq\0~\0	L\0\nupdateTimeq\0~\0xppt\0adminsr\0java.util.Datehj�KYt\0\0xpw\0\0un@�Pxppt\0\0pppt\01t\00/10 * * * * ?t\0ryTask.ryNoParamst\0DEFAULTsr\0java.lang.Long;��̏#�\0J\0valuexr\0java.lang.Number������\0\0xp\0\0\0\0\0\0\0t\0系统默认（无参）t\03t\01x\0'),('RuoyiScheduler','TASK_CLASS_NAME2','DEFAULT',NULL,'com.ruoyi.quartz.util.QuartzDisallowConcurrentExecution','0','1','0','0','��\0sr\0org.quartz.JobDataMap���迩��\0\0xr\0&org.quartz.utils.StringKeyDirtyFlagMap�����](\0Z\0allowsTransientDataxr\0org.quartz.utils.DirtyFlagMap�.�(v\n�\0Z\0dirtyL\0mapt\0Ljava/util/Map;xpsr\0java.util.HashMap���`�\0F\0\nloadFactorI\0	thresholdxp?@\0\0\0\0\0w\0\0\0\0\0\0t\0TASK_PROPERTIESsr\0com.ruoyi.quartz.domain.SysJob\0\0\0\0\0\0\0\0L\0\nconcurrentt\0Ljava/lang/String;L\0cronExpressionq\0~\0	L\0invokeTargetq\0~\0	L\0jobGroupq\0~\0	L\0jobIdt\0Ljava/lang/Long;L\0jobNameq\0~\0	L\0\rmisfirePolicyq\0~\0	L\0statusq\0~\0	xr\0\'com.ruoyi.common.core.domain.BaseEntity\0\0\0\0\0\0\0\0	L\0	beginTimeq\0~\0	L\0createByq\0~\0	L\0\ncreateTimet\0Ljava/util/Date;L\0endTimeq\0~\0	L\0paramsq\0~\0L\0remarkq\0~\0	L\0searchValueq\0~\0	L\0updateByq\0~\0	L\0\nupdateTimeq\0~\0xppt\0adminsr\0java.util.Datehj�KYt\0\0xpw\0\0un@�Pxppt\0\0pppt\01t\00/15 * * * * ?t\0ryTask.ryParams(\'ry\')t\0DEFAULTsr\0java.lang.Long;��̏#�\0J\0valuexr\0java.lang.Number������\0\0xp\0\0\0\0\0\0\0t\0系统默认（有参）t\03t\01x\0'),('RuoyiScheduler','TASK_CLASS_NAME3','DEFAULT',NULL,'com.ruoyi.quartz.util.QuartzDisallowConcurrentExecution','0','1','0','0','��\0sr\0org.quartz.JobDataMap���迩��\0\0xr\0&org.quartz.utils.StringKeyDirtyFlagMap�����](\0Z\0allowsTransientDataxr\0org.quartz.utils.DirtyFlagMap�.�(v\n�\0Z\0dirtyL\0mapt\0Ljava/util/Map;xpsr\0java.util.HashMap���`�\0F\0\nloadFactorI\0	thresholdxp?@\0\0\0\0\0w\0\0\0\0\0\0t\0TASK_PROPERTIESsr\0com.ruoyi.quartz.domain.SysJob\0\0\0\0\0\0\0\0L\0\nconcurrentt\0Ljava/lang/String;L\0cronExpressionq\0~\0	L\0invokeTargetq\0~\0	L\0jobGroupq\0~\0	L\0jobIdt\0Ljava/lang/Long;L\0jobNameq\0~\0	L\0\rmisfirePolicyq\0~\0	L\0statusq\0~\0	xr\0\'com.ruoyi.common.core.domain.BaseEntity\0\0\0\0\0\0\0\0	L\0	beginTimeq\0~\0	L\0createByq\0~\0	L\0\ncreateTimet\0Ljava/util/Date;L\0endTimeq\0~\0	L\0paramsq\0~\0L\0remarkq\0~\0	L\0searchValueq\0~\0	L\0updateByq\0~\0	L\0\nupdateTimeq\0~\0xppt\0adminsr\0java.util.Datehj�KYt\0\0xpw\0\0un@�Pxppt\0\0pppt\01t\00/20 * * * * ?t\08ryTask.ryMultipleParams(\'ry\', true, 2000L, 316.50D, 100)t\0DEFAULTsr\0java.lang.Long;��̏#�\0J\0valuexr\0java.lang.Number������\0\0xp\0\0\0\0\0\0\0t\0系统默认（多参）t\03t\01x\0');

/*Table structure for table `qrtz_locks` */

DROP TABLE IF EXISTS `qrtz_locks`;

CREATE TABLE `qrtz_locks` (
  `sched_name` varchar(120) NOT NULL,
  `lock_name` varchar(40) NOT NULL,
  PRIMARY KEY (`sched_name`,`lock_name`)
) ENGINE=InnoDB DEFAULT CHARSET=utf8mb4;

/*Data for the table `qrtz_locks` */

insert  into `qrtz_locks`(`sched_name`,`lock_name`) values ('jessefyzScheduler','STATE_ACCESS'),('jessefyzScheduler','TRIGGER_ACCESS'),('mdframeworkScheduler','STATE_ACCESS'),('mdframeworkScheduler','TRIGGER_ACCESS'),('RuoyiScheduler','STATE_ACCESS'),('RuoyiScheduler','TRIGGER_ACCESS');

/*Table structure for table `qrtz_paused_trigger_grps` */

DROP TABLE IF EXISTS `qrtz_paused_trigger_grps`;

CREATE TABLE `qrtz_paused_trigger_grps` (
  `sched_name` varchar(120) NOT NULL,
  `trigger_group` varchar(200) NOT NULL,
  PRIMARY KEY (`sched_name`,`trigger_group`)
) ENGINE=InnoDB DEFAULT CHARSET=utf8mb4;

/*Data for the table `qrtz_paused_trigger_grps` */

/*Table structure for table `qrtz_scheduler_state` */

DROP TABLE IF EXISTS `qrtz_scheduler_state`;

CREATE TABLE `qrtz_scheduler_state` (
  `sched_name` varchar(120) NOT NULL,
  `instance_name` varchar(200) NOT NULL,
  `last_checkin_time` bigint(13) NOT NULL,
  `checkin_interval` bigint(13) NOT NULL,
  PRIMARY KEY (`sched_name`,`instance_name`)
) ENGINE=InnoDB DEFAULT CHARSET=utf8mb4;

/*Data for the table `qrtz_scheduler_state` */

insert  into `qrtz_scheduler_state`(`sched_name`,`instance_name`,`last_checkin_time`,`checkin_interval`) values ('jessefyzScheduler','DESKTOP-6M1OK901640244782858',1640245023327,15000),('mdframeworkScheduler','DESKTOP-6M1OK901629254133048',1629254175945,15000),('RuoyiScheduler','DESKTOP-6M1OK901603879763935',1603935790560,15000);

/*Table structure for table `qrtz_simple_triggers` */

DROP TABLE IF EXISTS `qrtz_simple_triggers`;

CREATE TABLE `qrtz_simple_triggers` (
  `sched_name` varchar(120) NOT NULL,
  `trigger_name` varchar(200) NOT NULL,
  `trigger_group` varchar(200) NOT NULL,
  `repeat_count` bigint(7) NOT NULL,
  `repeat_interval` bigint(12) NOT NULL,
  `times_triggered` bigint(10) NOT NULL,
  PRIMARY KEY (`sched_name`,`trigger_name`,`trigger_group`),
  CONSTRAINT `qrtz_simple_triggers_ibfk_1` FOREIGN KEY (`sched_name`, `trigger_name`, `trigger_group`) REFERENCES `qrtz_triggers` (`sched_name`, `trigger_name`, `trigger_group`)
) ENGINE=InnoDB DEFAULT CHARSET=utf8mb4;

/*Data for the table `qrtz_simple_triggers` */

/*Table structure for table `qrtz_simprop_triggers` */

DROP TABLE IF EXISTS `qrtz_simprop_triggers`;

CREATE TABLE `qrtz_simprop_triggers` (
  `sched_name` varchar(120) NOT NULL,
  `trigger_name` varchar(200) NOT NULL,
  `trigger_group` varchar(200) NOT NULL,
  `str_prop_1` varchar(512) DEFAULT NULL,
  `str_prop_2` varchar(512) DEFAULT NULL,
  `str_prop_3` varchar(512) DEFAULT NULL,
  `int_prop_1` int(11) DEFAULT NULL,
  `int_prop_2` int(11) DEFAULT NULL,
  `long_prop_1` bigint(20) DEFAULT NULL,
  `long_prop_2` bigint(20) DEFAULT NULL,
  `dec_prop_1` decimal(13,4) DEFAULT NULL,
  `dec_prop_2` decimal(13,4) DEFAULT NULL,
  `bool_prop_1` varchar(1) DEFAULT NULL,
  `bool_prop_2` varchar(1) DEFAULT NULL,
  PRIMARY KEY (`sched_name`,`trigger_name`,`trigger_group`),
  CONSTRAINT `qrtz_simprop_triggers_ibfk_1` FOREIGN KEY (`sched_name`, `trigger_name`, `trigger_group`) REFERENCES `qrtz_triggers` (`sched_name`, `trigger_name`, `trigger_group`)
) ENGINE=InnoDB DEFAULT CHARSET=utf8mb4;

/*Data for the table `qrtz_simprop_triggers` */

/*Table structure for table `qrtz_triggers` */

DROP TABLE IF EXISTS `qrtz_triggers`;

CREATE TABLE `qrtz_triggers` (
  `sched_name` varchar(120) NOT NULL,
  `trigger_name` varchar(200) NOT NULL,
  `trigger_group` varchar(200) NOT NULL,
  `job_name` varchar(200) NOT NULL,
  `job_group` varchar(200) NOT NULL,
  `description` varchar(250) DEFAULT NULL,
  `next_fire_time` bigint(13) DEFAULT NULL,
  `prev_fire_time` bigint(13) DEFAULT NULL,
  `priority` int(11) DEFAULT NULL,
  `trigger_state` varchar(16) NOT NULL,
  `trigger_type` varchar(8) NOT NULL,
  `start_time` bigint(13) NOT NULL,
  `end_time` bigint(13) DEFAULT NULL,
  `calendar_name` varchar(200) DEFAULT NULL,
  `misfire_instr` smallint(2) DEFAULT NULL,
  `job_data` blob,
  PRIMARY KEY (`sched_name`,`trigger_name`,`trigger_group`),
  KEY `sched_name` (`sched_name`,`job_name`,`job_group`),
  CONSTRAINT `qrtz_triggers_ibfk_1` FOREIGN KEY (`sched_name`, `job_name`, `job_group`) REFERENCES `qrtz_job_details` (`sched_name`, `job_name`, `job_group`)
) ENGINE=InnoDB DEFAULT CHARSET=utf8mb4;

/*Data for the table `qrtz_triggers` */

insert  into `qrtz_triggers`(`sched_name`,`trigger_name`,`trigger_group`,`job_name`,`job_group`,`description`,`next_fire_time`,`prev_fire_time`,`priority`,`trigger_state`,`trigger_type`,`start_time`,`end_time`,`calendar_name`,`misfire_instr`,`job_data`) values ('jessefyzScheduler','TASK_CLASS_NAME1','DEFAULT','TASK_CLASS_NAME1','DEFAULT',NULL,1640244790000,-1,5,'PAUSED','CRON',1640244783000,0,NULL,2,''),('jessefyzScheduler','TASK_CLASS_NAME2','DEFAULT','TASK_CLASS_NAME2','DEFAULT',NULL,1640244795000,-1,5,'PAUSED','CRON',1640244783000,0,NULL,2,''),('jessefyzScheduler','TASK_CLASS_NAME3','DEFAULT','TASK_CLASS_NAME3','DEFAULT',NULL,1640244800000,-1,5,'PAUSED','CRON',1640244784000,0,NULL,2,''),('mdframeworkScheduler','TASK_CLASS_NAME1','DEFAULT','TASK_CLASS_NAME1','DEFAULT',NULL,1629254140000,-1,5,'PAUSED','CRON',1629254133000,0,NULL,2,''),('mdframeworkScheduler','TASK_CLASS_NAME2','DEFAULT','TASK_CLASS_NAME2','DEFAULT',NULL,1629254145000,-1,5,'PAUSED','CRON',1629254133000,0,NULL,2,''),('mdframeworkScheduler','TASK_CLASS_NAME3','DEFAULT','TASK_CLASS_NAME3','DEFAULT',NULL,1629254140000,-1,5,'PAUSED','CRON',1629254133000,0,NULL,2,''),('RuoyiScheduler','TASK_CLASS_NAME1','DEFAULT','TASK_CLASS_NAME1','DEFAULT',NULL,1603879770000,-1,5,'PAUSED','CRON',1603879764000,0,NULL,2,''),('RuoyiScheduler','TASK_CLASS_NAME2','DEFAULT','TASK_CLASS_NAME2','DEFAULT',NULL,1603879770000,-1,5,'PAUSED','CRON',1603879764000,0,NULL,2,''),('RuoyiScheduler','TASK_CLASS_NAME3','DEFAULT','TASK_CLASS_NAME3','DEFAULT',NULL,1603879780000,-1,5,'PAUSED','CRON',1603879764000,0,NULL,2,'');

/*Table structure for table `sys_config` */

DROP TABLE IF EXISTS `sys_config`;

CREATE TABLE `sys_config` (
  `config_id` int(5) NOT NULL AUTO_INCREMENT COMMENT '参数主键',
  `config_name` varchar(100) DEFAULT '' COMMENT '参数名称',
  `config_key` varchar(100) DEFAULT '' COMMENT '参数键名',
  `config_value` varchar(500) DEFAULT '' COMMENT '参数键值',
  `config_type` char(1) DEFAULT 'N' COMMENT '系统内置（Y是 N否）',
  `create_by` varchar(64) DEFAULT '' COMMENT '创建者',
  `create_time` datetime DEFAULT NULL COMMENT '创建时间',
  `update_by` varchar(64) DEFAULT '' COMMENT '更新者',
  `update_time` datetime DEFAULT NULL COMMENT '更新时间',
  `remark` varchar(500) DEFAULT NULL COMMENT '备注',
  PRIMARY KEY (`config_id`)
) ENGINE=InnoDB AUTO_INCREMENT=4 DEFAULT CHARSET=utf8mb4 COMMENT='参数配置表';

/*Data for the table `sys_config` */

insert  into `sys_config`(`config_id`,`config_name`,`config_key`,`config_value`,`config_type`,`create_by`,`create_time`,`update_by`,`update_time`,`remark`) values (1,'主框架页-默认皮肤样式名称','sys.index.skinName','skin-blue','Y','admin','2020-10-28 16:08:48','',NULL,'蓝色 skin-blue、绿色 skin-green、紫色 skin-purple、红色 skin-red、黄色 skin-yellow'),(2,'用户管理-账号初始密码','sys.user.initPassword','123456','Y','admin','2020-10-28 16:08:48','',NULL,'初始化密码 123456'),(3,'主框架页-侧边栏主题','sys.index.sideTheme','theme-dark','Y','admin','2020-10-28 16:08:48','',NULL,'深色主题theme-dark，浅色主题theme-light');

/*Table structure for table `sys_dept` */

DROP TABLE IF EXISTS `sys_dept`;

CREATE TABLE `sys_dept` (
  `dept_id` bigint(20) NOT NULL AUTO_INCREMENT COMMENT '部门id',
  `parent_id` bigint(20) DEFAULT '0' COMMENT '父部门id',
  `ancestors` varchar(50) DEFAULT '' COMMENT '祖级列表',
  `dept_name` varchar(30) DEFAULT '' COMMENT '部门名称',
  `order_num` int(4) DEFAULT '0' COMMENT '显示顺序',
  `leader` varchar(20) DEFAULT NULL COMMENT '负责人',
  `phone` varchar(11) DEFAULT NULL COMMENT '联系电话',
  `email` varchar(50) DEFAULT NULL COMMENT '邮箱',
  `status` char(1) DEFAULT '0' COMMENT '部门状态（0正常 1停用）',
  `del_flag` char(1) DEFAULT '0' COMMENT '删除标志（0代表存在 2代表删除）',
  `create_by` varchar(64) DEFAULT '' COMMENT '创建者',
  `create_time` datetime DEFAULT NULL COMMENT '创建时间',
  `update_by` varchar(64) DEFAULT '' COMMENT '更新者',
  `update_time` datetime DEFAULT NULL COMMENT '更新时间',
  PRIMARY KEY (`dept_id`)
) ENGINE=InnoDB AUTO_INCREMENT=110 DEFAULT CHARSET=utf8mb4 COMMENT='部门表';

/*Data for the table `sys_dept` */

insert  into `sys_dept`(`dept_id`,`parent_id`,`ancestors`,`dept_name`,`order_num`,`leader`,`phone`,`email`,`status`,`del_flag`,`create_by`,`create_time`,`update_by`,`update_time`) values (100,0,'0','米袋软件',0,'Jesse','15889963910','573110463@qq.com','0','0','admin','2020-10-28 16:08:34','admin','2020-11-03 11:26:34'),(101,100,'0,100','广州总公司',1,'Jesse','15889963910','573110463@qq.com','0','0','admin','2020-10-28 16:08:34','admin','2020-11-03 11:26:34'),(102,100,'0,100','长沙分公司',2,'若依','15888888888','ry@qq.com','0','2','admin','2020-10-28 16:08:34','',NULL),(103,101,'0,100,101','研发部门',1,'若依','15888888888','ry@qq.com','0','0','admin','2020-10-28 16:08:35','',NULL),(104,101,'0,100,101','市场部门',2,'若依','15888888888','ry@qq.com','0','0','admin','2020-10-28 16:08:35','',NULL),(105,101,'0,100,101','测试部门',3,'若依','15888888888','ry@qq.com','0','0','admin','2020-10-28 16:08:35','',NULL),(106,101,'0,100,101','财务部门',4,'若依','15888888888','ry@qq.com','0','0','admin','2020-10-28 16:08:35','',NULL),(107,101,'0,100,101','运维部门',5,'若依','15888888888','ry@qq.com','0','0','admin','2020-10-28 16:08:35','',NULL),(108,102,'0,100,102','市场部门',1,'若依','15888888888','ry@qq.com','0','2','admin','2020-10-28 16:08:35','',NULL),(109,102,'0,100,102','财务部门',2,'若依','15888888888','ry@qq.com','0','2','admin','2020-10-28 16:08:35','',NULL);

/*Table structure for table `sys_dict_data` */

DROP TABLE IF EXISTS `sys_dict_data`;

CREATE TABLE `sys_dict_data` (
  `dict_code` bigint(20) NOT NULL AUTO_INCREMENT COMMENT '字典编码',
  `dict_sort` int(4) DEFAULT '0' COMMENT '字典排序',
  `dict_label` varchar(100) DEFAULT '' COMMENT '字典标签',
  `dict_value` varchar(100) DEFAULT '' COMMENT '字典键值',
  `dict_type` varchar(100) DEFAULT '' COMMENT '字典类型',
  `css_class` varchar(100) DEFAULT NULL COMMENT '样式属性（其他样式扩展）',
  `list_class` varchar(100) DEFAULT NULL COMMENT '表格回显样式',
  `is_default` char(1) DEFAULT 'N' COMMENT '是否默认（Y是 N否）',
  `status` char(1) DEFAULT '0' COMMENT '状态（0正常 1停用）',
  `create_by` varchar(64) DEFAULT '' COMMENT '创建者',
  `create_time` datetime DEFAULT NULL COMMENT '创建时间',
  `update_by` varchar(64) DEFAULT '' COMMENT '更新者',
  `update_time` datetime DEFAULT NULL COMMENT '更新时间',
  `remark` varchar(500) DEFAULT NULL COMMENT '备注',
  PRIMARY KEY (`dict_code`)
) ENGINE=InnoDB AUTO_INCREMENT=32 DEFAULT CHARSET=utf8mb4 COMMENT='字典数据表';

/*Data for the table `sys_dict_data` */

insert  into `sys_dict_data`(`dict_code`,`dict_sort`,`dict_label`,`dict_value`,`dict_type`,`css_class`,`list_class`,`is_default`,`status`,`create_by`,`create_time`,`update_by`,`update_time`,`remark`) values (1,10,'男','1','sys_user_sex','','','Y','0','admin','2020-10-28 16:08:47','admin','2020-11-03 10:29:29','性别男'),(2,20,'女','2','sys_user_sex','','','N','0','admin','2020-10-28 16:08:47','admin','2020-11-03 10:29:42','性别女'),(3,30,'未知','0','sys_user_sex','','','N','0','admin','2020-10-28 16:08:47','admin','2020-11-03 10:30:02','性别未知'),(4,1,'显示','0','sys_show_hide','','primary','Y','0','admin','2020-10-28 16:08:47','',NULL,'显示菜单'),(5,2,'隐藏','1','sys_show_hide','','danger','N','0','admin','2020-10-28 16:08:47','',NULL,'隐藏菜单'),(6,1,'正常','0','sys_normal_disable','','primary','Y','0','admin','2020-10-28 16:08:47','',NULL,'正常状态'),(7,2,'停用','1','sys_normal_disable','','danger','N','0','admin','2020-10-28 16:08:47','',NULL,'停用状态'),(8,1,'正常','0','sys_job_status','','primary','Y','0','admin','2020-10-28 16:08:47','',NULL,'正常状态'),(9,2,'暂停','1','sys_job_status','','danger','N','0','admin','2020-10-28 16:08:47','',NULL,'停用状态'),(10,1,'默认','DEFAULT','sys_job_group','','','Y','0','admin','2020-10-28 16:08:47','',NULL,'默认分组'),(11,2,'系统','SYSTEM','sys_job_group','','','N','0','admin','2020-10-28 16:08:47','',NULL,'系统分组'),(12,1,'是','Y','sys_yes_no','','primary','Y','0','admin','2020-10-28 16:08:47','',NULL,'系统默认是'),(13,2,'否','N','sys_yes_no','','danger','N','0','admin','2020-10-28 16:08:47','',NULL,'系统默认否'),(14,1,'通知','1','sys_notice_type','','warning','Y','0','admin','2020-10-28 16:08:47','',NULL,'通知'),(15,2,'公告','2','sys_notice_type','','success','N','0','admin','2020-10-28 16:08:47','',NULL,'公告'),(16,1,'正常','0','sys_notice_status','','primary','Y','0','admin','2020-10-28 16:08:47','',NULL,'正常状态'),(17,2,'关闭','1','sys_notice_status','','danger','N','0','admin','2020-10-28 16:08:47','',NULL,'关闭状态'),(18,1,'新增','1','sys_oper_type','','info','N','0','admin','2020-10-28 16:08:47','',NULL,'新增操作'),(19,2,'修改','2','sys_oper_type','','info','N','0','admin','2020-10-28 16:08:47','',NULL,'修改操作'),(20,3,'删除','3','sys_oper_type','','danger','N','0','admin','2020-10-28 16:08:47','',NULL,'删除操作'),(21,4,'授权','4','sys_oper_type','','primary','N','0','admin','2020-10-28 16:08:47','',NULL,'授权操作'),(22,5,'导出','5','sys_oper_type','','warning','N','0','admin','2020-10-28 16:08:47','',NULL,'导出操作'),(23,6,'导入','6','sys_oper_type','','warning','N','0','admin','2020-10-28 16:08:47','',NULL,'导入操作'),(24,7,'强退','7','sys_oper_type','','danger','N','0','admin','2020-10-28 16:08:47','',NULL,'强退操作'),(25,8,'生成代码','8','sys_oper_type','','warning','N','0','admin','2020-10-28 16:08:47','',NULL,'生成操作'),(26,9,'清空数据','9','sys_oper_type','','danger','N','0','admin','2020-10-28 16:08:47','',NULL,'清空操作'),(27,1,'成功','0','sys_common_status','','primary','N','0','admin','2020-10-28 16:08:47','admin','2020-11-04 10:33:21','正常状态'),(28,2,'失败','1','sys_common_status','','danger','N','0','admin','2020-10-28 16:08:47','admin','2020-11-04 10:33:23','停用状态'),(29,10,'微信小程序','1','biz_mem_register_source',NULL,NULL,'N','0','admin','2020-11-02 18:14:22','',NULL,'微信小程序'),(30,0,'启用','1','biz_status',NULL,NULL,'N','0','admin','2020-11-04 10:34:25','admin','2021-07-15 16:40:18',NULL),(31,1,'停用','0','biz_status',NULL,NULL,'N','0','admin','2020-11-04 10:34:33','admin',NULL,NULL);

/*Table structure for table `sys_dict_type` */

DROP TABLE IF EXISTS `sys_dict_type`;

CREATE TABLE `sys_dict_type` (
  `dict_id` bigint(20) NOT NULL AUTO_INCREMENT COMMENT '字典主键',
  `dict_name` varchar(100) DEFAULT '' COMMENT '字典名称',
  `dict_type` varchar(100) DEFAULT '' COMMENT '字典类型',
  `status` char(1) DEFAULT '0' COMMENT '状态（0正常 1停用）',
  `create_by` varchar(64) DEFAULT '' COMMENT '创建者',
  `create_time` datetime DEFAULT NULL COMMENT '创建时间',
  `update_by` varchar(64) DEFAULT '' COMMENT '更新者',
  `update_time` datetime DEFAULT NULL COMMENT '更新时间',
  `remark` varchar(500) DEFAULT NULL COMMENT '备注',
  PRIMARY KEY (`dict_id`),
  UNIQUE KEY `dict_type` (`dict_type`)
) ENGINE=InnoDB AUTO_INCREMENT=13 DEFAULT CHARSET=utf8mb4 COMMENT='字典类型表';

/*Data for the table `sys_dict_type` */

insert  into `sys_dict_type`(`dict_id`,`dict_name`,`dict_type`,`status`,`create_by`,`create_time`,`update_by`,`update_time`,`remark`) values (1,'用户性别','sys_user_sex','0','admin','2020-10-28 16:08:46','',NULL,'用户性别列表'),(2,'菜单状态','sys_show_hide','0','admin','2020-10-28 16:08:46','',NULL,'菜单状态列表'),(3,'系统开关','sys_normal_disable','0','admin','2020-10-28 16:08:46','',NULL,'系统开关列表'),(4,'任务状态','sys_job_status','0','admin','2020-10-28 16:08:46','',NULL,'任务状态列表'),(5,'任务分组','sys_job_group','0','admin','2020-10-28 16:08:46','',NULL,'任务分组列表'),(6,'系统是否','sys_yes_no','0','admin','2020-10-28 16:08:46','',NULL,'系统是否列表'),(7,'通知类型','sys_notice_type','0','admin','2020-10-28 16:08:46','',NULL,'通知类型列表'),(8,'通知状态','sys_notice_status','0','admin','2020-10-28 16:08:46','',NULL,'通知状态列表'),(9,'操作类型','sys_oper_type','0','admin','2020-10-28 16:08:46','',NULL,'操作类型列表'),(10,'系统状态','sys_common_status','0','admin','2020-10-28 16:08:46','',NULL,'登录状态列表'),(11,'会员注册来源','biz_mem_register_source','0','admin','2020-11-02 18:14:00','',NULL,'会员注册来源'),(12,'停用/启用','biz_status','0','admin','2020-11-04 10:34:06','',NULL,'停用/启用');

/*Table structure for table `sys_job` */

DROP TABLE IF EXISTS `sys_job`;

CREATE TABLE `sys_job` (
  `job_id` bigint(20) NOT NULL AUTO_INCREMENT COMMENT '任务ID',
  `job_name` varchar(64) NOT NULL DEFAULT '' COMMENT '任务名称',
  `job_group` varchar(64) NOT NULL DEFAULT 'DEFAULT' COMMENT '任务组名',
  `invoke_target` varchar(500) NOT NULL COMMENT '调用目标字符串',
  `cron_expression` varchar(255) DEFAULT '' COMMENT 'cron执行表达式',
  `misfire_policy` varchar(20) DEFAULT '3' COMMENT '计划执行错误策略（1立即执行 2执行一次 3放弃执行）',
  `concurrent` char(1) DEFAULT '1' COMMENT '是否并发执行（0允许 1禁止）',
  `status` char(1) DEFAULT '0' COMMENT '状态（0正常 1暂停）',
  `create_by` varchar(64) DEFAULT '' COMMENT '创建者',
  `create_time` datetime DEFAULT NULL COMMENT '创建时间',
  `update_by` varchar(64) DEFAULT '' COMMENT '更新者',
  `update_time` datetime DEFAULT NULL COMMENT '更新时间',
  `remark` varchar(500) DEFAULT '' COMMENT '备注信息',
  PRIMARY KEY (`job_id`,`job_name`,`job_group`)
) ENGINE=InnoDB AUTO_INCREMENT=4 DEFAULT CHARSET=utf8mb4 COMMENT='定时任务调度表';

/*Data for the table `sys_job` */

insert  into `sys_job`(`job_id`,`job_name`,`job_group`,`invoke_target`,`cron_expression`,`misfire_policy`,`concurrent`,`status`,`create_by`,`create_time`,`update_by`,`update_time`,`remark`) values (1,'系统默认（无参）','DEFAULT','ryTask.ryNoParams','0/10 * * * * ?','3','1','1','admin','2020-10-28 16:08:50','',NULL,''),(2,'系统默认（有参）','DEFAULT','ryTask.ryParams(\'ry\')','0/15 * * * * ?','3','1','1','admin','2020-10-28 16:08:50','',NULL,''),(3,'系统默认（多参）','DEFAULT','ryTask.ryMultipleParams(\'ry\', true, 2000L, 316.50D, 100)','0/20 * * * * ?','3','1','1','admin','2020-10-28 16:08:50','',NULL,'');

/*Table structure for table `sys_job_log` */

DROP TABLE IF EXISTS `sys_job_log`;

CREATE TABLE `sys_job_log` (
  `job_log_id` bigint(20) NOT NULL AUTO_INCREMENT COMMENT '任务日志ID',
  `job_name` varchar(64) NOT NULL COMMENT '任务名称',
  `job_group` varchar(64) NOT NULL COMMENT '任务组名',
  `invoke_target` varchar(500) NOT NULL COMMENT '调用目标字符串',
  `job_message` varchar(500) DEFAULT NULL COMMENT '日志信息',
  `status` char(1) DEFAULT '0' COMMENT '执行状态（0正常 1失败）',
  `exception_info` varchar(2000) DEFAULT '' COMMENT '异常信息',
  `create_time` datetime DEFAULT NULL COMMENT '创建时间',
  PRIMARY KEY (`job_log_id`)
) ENGINE=InnoDB AUTO_INCREMENT=3 DEFAULT CHARSET=utf8mb4 COMMENT='定时任务调度日志表';

/*Data for the table `sys_job_log` */

insert  into `sys_job_log`(`job_log_id`,`job_name`,`job_group`,`invoke_target`,`job_message`,`status`,`exception_info`,`create_time`) values (1,'系统默认（无参）','DEFAULT','ryTask.ryNoParams','系统默认（无参） 总共耗时：2414毫秒','0','','2021-07-15 18:56:00'),(2,'系统默认（有参）','DEFAULT','ryTask.ryParams(\'ry\')','系统默认（有参） 总共耗时：2毫秒','0','','2021-07-15 18:56:03');

/*Table structure for table `sys_logininfor` */

DROP TABLE IF EXISTS `sys_logininfor`;

CREATE TABLE `sys_logininfor` (
  `info_id` bigint(20) NOT NULL AUTO_INCREMENT COMMENT '访问ID',
  `user_name` varchar(50) DEFAULT '' COMMENT '用户账号',
  `ipaddr` varchar(50) DEFAULT '' COMMENT '登录IP地址',
  `login_location` varchar(255) DEFAULT '' COMMENT '登录地点',
  `browser` varchar(50) DEFAULT '' COMMENT '浏览器类型',
  `os` varchar(50) DEFAULT '' COMMENT '操作系统',
  `status` char(1) DEFAULT '0' COMMENT '登录状态（0成功 1失败）',
  `msg` varchar(255) DEFAULT '' COMMENT '提示消息',
  `login_time` datetime DEFAULT NULL COMMENT '访问时间',
  PRIMARY KEY (`info_id`)
) ENGINE=InnoDB AUTO_INCREMENT=19 DEFAULT CHARSET=utf8mb4 COMMENT='系统访问记录';

/*Data for the table `sys_logininfor` */

insert  into `sys_logininfor`(`info_id`,`user_name`,`ipaddr`,`login_location`,`browser`,`os`,`status`,`msg`,`login_time`) values (1,'admin','127.0.0.1','内网IP','Chrome','Windows 10','0','登录成功','2021-04-26 10:18:26'),(2,'admin','127.0.0.1','内网IP','Chrome 8','Windows 10','1','用户不存在/密码错误','2021-05-24 14:10:50'),(3,'admin','127.0.0.1','内网IP','Chrome 8','Windows 10','0','登录成功','2021-05-24 14:10:55'),(4,'system','127.0.0.1','内网IP','Chrome 8','Windows 10','1','用户不存在/密码错误','2021-07-15 14:11:37'),(5,'admin','127.0.0.1','内网IP','Chrome 8','Windows 10','0','登录成功','2021-07-15 14:11:44'),(6,'admin','127.0.0.1','内网IP','Chrome 8','Windows 10','0','登录成功','2021-07-15 16:39:36'),(7,'admin','127.0.0.1','内网IP','Chrome 8','Windows 10','0','退出成功','2021-07-15 17:41:18'),(8,'system','127.0.0.1','内网IP','Chrome 8','Windows 10','0','登录成功','2021-07-15 17:41:24'),(9,'system','127.0.0.1','内网IP','Chrome 8','Windows 10','0','登录成功','2021-07-15 18:39:43'),(10,'admin','127.0.0.1','内网IP','Chrome 8','Windows 10','1','验证码错误','2021-07-16 14:28:04'),(11,'admin','127.0.0.1','内网IP','Chrome 8','Windows 10','0','登录成功','2021-07-16 14:28:08'),(12,'admin','127.0.0.1','内网IP','Chrome 8','Windows 10','0','登录成功','2021-08-18 17:28:29'),(13,'admin','127.0.0.1','内网IP','Chrome 8','Windows 10','0','退出成功','2021-08-18 17:30:23'),(14,'admin','127.0.0.1','内网IP','Chrome 8','Windows 10','0','登录成功','2021-08-18 17:30:30'),(15,'admin','127.0.0.1','内网IP','Chrome 8','Windows 10','0','退出成功','2021-08-18 17:54:41'),(16,'system','127.0.0.1','内网IP','Chrome 8','Windows 10','0','登录成功','2021-08-18 17:55:48'),(17,'system','127.0.0.1','内网IP','Chrome 8','Windows 10','0','退出成功','2021-08-18 18:01:06'),(18,'admin','127.0.0.1','内网IP','Chrome 8','Windows 10','0','登录成功','2021-08-18 18:01:18');

/*Table structure for table `sys_menu` */

DROP TABLE IF EXISTS `sys_menu`;

CREATE TABLE `sys_menu` (
  `menu_id` bigint(20) NOT NULL AUTO_INCREMENT COMMENT '菜单ID',
  `menu_name` varchar(50) NOT NULL COMMENT '菜单名称',
  `parent_id` bigint(20) DEFAULT '0' COMMENT '父菜单ID',
  `order_num` int(4) DEFAULT '0' COMMENT '显示顺序',
  `path` varchar(200) DEFAULT '' COMMENT '路由地址',
  `component` varchar(255) DEFAULT NULL COMMENT '组件路径',
  `is_frame` int(1) DEFAULT '1' COMMENT '是否为外链（0是 1否）',
  `is_cache` int(1) DEFAULT '0' COMMENT '是否缓存（0缓存 1不缓存）',
  `menu_type` char(1) DEFAULT '' COMMENT '菜单类型（M目录 C菜单 F按钮）',
  `visible` char(1) DEFAULT '0' COMMENT '菜单状态（0显示 1隐藏）',
  `status` char(1) DEFAULT '0' COMMENT '菜单状态（0正常 1停用）',
  `perms` varchar(100) DEFAULT NULL COMMENT '权限标识',
  `icon` varchar(100) DEFAULT '#' COMMENT '菜单图标',
  `create_by` varchar(64) DEFAULT '' COMMENT '创建者',
  `create_time` datetime DEFAULT NULL COMMENT '创建时间',
  `update_by` varchar(64) DEFAULT '' COMMENT '更新者',
  `update_time` datetime DEFAULT NULL COMMENT '更新时间',
  `remark` varchar(500) DEFAULT '' COMMENT '备注',
  PRIMARY KEY (`menu_id`)
) ENGINE=InnoDB AUTO_INCREMENT=1112 DEFAULT CHARSET=utf8mb4 COMMENT='菜单权限表';

/*Data for the table `sys_menu` */

insert  into `sys_menu`(`menu_id`,`menu_name`,`parent_id`,`order_num`,`path`,`component`,`is_frame`,`is_cache`,`menu_type`,`visible`,`status`,`perms`,`icon`,`create_by`,`create_time`,`update_by`,`update_time`,`remark`) values (1,'系统管理',0,1,'system',NULL,1,0,'M','0','0','','system','admin','2020-10-28 16:08:39','',NULL,'系统管理目录'),(2,'系统监控',0,2,'monitor',NULL,1,0,'M','0','0','','monitor','admin','2020-10-28 16:08:39','',NULL,'系统监控目录'),(3,'系统工具',0,3,'tool',NULL,1,0,'M','0','0','','tool','admin','2020-10-28 16:08:39','',NULL,'系统工具目录'),(100,'用户管理',1,1,'user','system/user/index',1,0,'C','0','0','system:user:list','user','admin','2020-10-28 16:08:39','',NULL,'用户管理菜单'),(101,'角色管理',1,2,'role','system/role/index',1,0,'C','0','0','system:role:list','peoples','admin','2020-10-28 16:08:39','',NULL,'角色管理菜单'),(102,'菜单管理',1,3,'menu','system/menu/index',1,0,'C','0','0','system:menu:list','tree-table','admin','2020-10-28 16:08:39','',NULL,'菜单管理菜单'),(103,'部门管理',1,4,'dept','system/dept/index',1,0,'C','0','0','system:dept:list','tree','admin','2020-10-28 16:08:39','',NULL,'部门管理菜单'),(104,'岗位管理',1,5,'post','system/post/index',1,0,'C','0','0','system:post:list','post','admin','2020-10-28 16:08:39','',NULL,'岗位管理菜单'),(105,'字典管理',1,6,'dict','system/dict/index',1,0,'C','0','0','system:dict:list','dict','admin','2020-10-28 16:08:39','',NULL,'字典管理菜单'),(106,'参数设置',1,7,'config','system/config/index',1,0,'C','0','0','system:config:list','edit','admin','2020-10-28 16:08:39','',NULL,'参数设置菜单'),(107,'通知公告',1,8,'notice','system/notice/index',1,0,'C','0','0','system:notice:list','message','admin','2020-10-28 16:08:39','',NULL,'通知公告菜单'),(108,'日志管理',1,9,'log','system/log/index',1,0,'M','0','0','','log','admin','2020-10-28 16:08:39','',NULL,'日志管理菜单'),(109,'在线用户',2,1,'online','monitor/online/index',1,0,'C','0','0','monitor:online:list','online','admin','2020-10-28 16:08:39','',NULL,'在线用户菜单'),(110,'定时任务',2,2,'job','monitor/job/index',1,0,'C','0','0','monitor:job:list','job','admin','2020-10-28 16:08:39','',NULL,'定时任务菜单'),(111,'数据监控',2,3,'druid','monitor/druid/index',1,0,'C','0','0','monitor:druid:list','druid','admin','2020-10-28 16:08:39','admin','2020-12-25 12:08:40','数据监控菜单'),(112,'服务监控',2,4,'server','monitor/server/index',1,0,'C','0','0','monitor:server:list','server','admin','2020-10-28 16:08:39','',NULL,'服务监控菜单'),(113,'表单构建',3,1,'build','tool/build/index',1,0,'C','0','0','tool:build:list','build','admin','2020-10-28 16:08:39','',NULL,'表单构建菜单'),(114,'代码生成',3,2,'gen','tool/gen/index',1,0,'C','0','0','tool:gen:list','code','admin','2020-10-28 16:08:39','',NULL,'代码生成菜单'),(115,'系统接口',3,3,'swagger','tool/swagger/index',1,0,'C','0','0','tool:swagger:list','swagger','admin','2020-10-28 16:08:39','',NULL,'系统接口菜单'),(500,'操作日志',108,1,'operlog','monitor/operlog/index',1,0,'C','0','0','monitor:operlog:list','form','admin','2020-10-28 16:08:39','',NULL,'操作日志菜单'),(501,'登录日志',108,2,'logininfor','monitor/logininfor/index',1,0,'C','0','0','monitor:logininfor:list','logininfor','admin','2020-10-28 16:08:39','',NULL,'登录日志菜单'),(1001,'用户查询',100,1,'','',1,0,'F','0','0','system:user:query','#','admin','2020-10-28 16:08:39','',NULL,''),(1002,'用户新增',100,2,'','',1,0,'F','0','0','system:user:add','#','admin','2020-10-28 16:08:39','',NULL,''),(1003,'用户修改',100,3,'','',1,0,'F','0','0','system:user:edit','#','admin','2020-10-28 16:08:39','',NULL,''),(1004,'用户删除',100,4,'','',1,0,'F','0','0','system:user:remove','#','admin','2020-10-28 16:08:39','',NULL,''),(1005,'用户导出',100,5,'','',1,0,'F','0','0','system:user:export','#','admin','2020-10-28 16:08:39','',NULL,''),(1006,'用户导入',100,6,'','',1,0,'F','0','0','system:user:import','#','admin','2020-10-28 16:08:39','',NULL,''),(1007,'重置密码',100,7,'','',1,0,'F','0','0','system:user:resetPwd','#','admin','2020-10-28 16:08:39','',NULL,''),(1008,'角色查询',101,1,'','',1,0,'F','0','0','system:role:query','#','admin','2020-10-28 16:08:39','',NULL,''),(1009,'角色新增',101,2,'','',1,0,'F','0','0','system:role:add','#','admin','2020-10-28 16:08:39','',NULL,''),(1010,'角色修改',101,3,'','',1,0,'F','0','0','system:role:edit','#','admin','2020-10-28 16:08:39','',NULL,''),(1011,'角色删除',101,4,'','',1,0,'F','0','0','system:role:remove','#','admin','2020-10-28 16:08:39','',NULL,''),(1012,'角色导出',101,5,'','',1,0,'F','0','0','system:role:export','#','admin','2020-10-28 16:08:39','',NULL,''),(1013,'菜单查询',102,1,'','',1,0,'F','0','0','system:menu:query','#','admin','2020-10-28 16:08:39','',NULL,''),(1014,'菜单新增',102,2,'','',1,0,'F','0','0','system:menu:add','#','admin','2020-10-28 16:08:39','',NULL,''),(1015,'菜单修改',102,3,'','',1,0,'F','0','0','system:menu:edit','#','admin','2020-10-28 16:08:39','',NULL,''),(1016,'菜单删除',102,4,'','',1,0,'F','0','0','system:menu:remove','#','admin','2020-10-28 16:08:39','',NULL,''),(1017,'部门查询',103,1,'','',1,0,'F','0','0','system:dept:query','#','admin','2020-10-28 16:08:39','',NULL,''),(1018,'部门新增',103,2,'','',1,0,'F','0','0','system:dept:add','#','admin','2020-10-28 16:08:39','',NULL,''),(1019,'部门修改',103,3,'','',1,0,'F','0','0','system:dept:edit','#','admin','2020-10-28 16:08:39','',NULL,''),(1020,'部门删除',103,4,'','',1,0,'F','0','0','system:dept:remove','#','admin','2020-10-28 16:08:39','',NULL,''),(1021,'岗位查询',104,1,'','',1,0,'F','0','0','system:post:query','#','admin','2020-10-28 16:08:39','',NULL,''),(1022,'岗位新增',104,2,'','',1,0,'F','0','0','system:post:add','#','admin','2020-10-28 16:08:39','',NULL,''),(1023,'岗位修改',104,3,'','',1,0,'F','0','0','system:post:edit','#','admin','2020-10-28 16:08:39','',NULL,''),(1024,'岗位删除',104,4,'','',1,0,'F','0','0','system:post:remove','#','admin','2020-10-28 16:08:39','',NULL,''),(1025,'岗位导出',104,5,'','',1,0,'F','0','0','system:post:export','#','admin','2020-10-28 16:08:39','',NULL,''),(1026,'字典查询',105,1,'#','',1,0,'F','0','0','system:dict:query','#','admin','2020-10-28 16:08:39','',NULL,''),(1027,'字典新增',105,2,'#','',1,0,'F','0','0','system:dict:add','#','admin','2020-10-28 16:08:39','',NULL,''),(1028,'字典修改',105,3,'#','',1,0,'F','0','0','system:dict:edit','#','admin','2020-10-28 16:08:39','',NULL,''),(1029,'字典删除',105,4,'#','',1,0,'F','0','0','system:dict:remove','#','admin','2020-10-28 16:08:39','',NULL,''),(1030,'字典导出',105,5,'#','',1,0,'F','0','0','system:dict:export','#','admin','2020-10-28 16:08:39','',NULL,''),(1031,'参数查询',106,1,'#','',1,0,'F','0','0','system:config:query','#','admin','2020-10-28 16:08:39','',NULL,''),(1032,'参数新增',106,2,'#','',1,0,'F','0','0','system:config:add','#','admin','2020-10-28 16:08:39','',NULL,''),(1033,'参数修改',106,3,'#','',1,0,'F','0','0','system:config:edit','#','admin','2020-10-28 16:08:39','',NULL,''),(1034,'参数删除',106,4,'#','',1,0,'F','0','0','system:config:remove','#','admin','2020-10-28 16:08:39','',NULL,''),(1035,'参数导出',106,5,'#','',1,0,'F','0','0','system:config:export','#','admin','2020-10-28 16:08:39','',NULL,''),(1036,'公告查询',107,1,'#','',1,0,'F','0','0','system:notice:query','#','admin','2020-10-28 16:08:39','',NULL,''),(1037,'公告新增',107,2,'#','',1,0,'F','0','0','system:notice:add','#','admin','2020-10-28 16:08:39','',NULL,''),(1038,'公告修改',107,3,'#','',1,0,'F','0','0','system:notice:edit','#','admin','2020-10-28 16:08:39','',NULL,''),(1039,'公告删除',107,4,'#','',1,0,'F','0','0','system:notice:remove','#','admin','2020-10-28 16:08:39','',NULL,''),(1040,'操作查询',500,1,'#','',1,0,'F','0','0','monitor:operlog:query','#','admin','2020-10-28 16:08:39','',NULL,''),(1041,'操作删除',500,2,'#','',1,0,'F','0','0','monitor:operlog:remove','#','admin','2020-10-28 16:08:39','',NULL,''),(1042,'日志导出',500,4,'#','',1,0,'F','0','0','monitor:operlog:export','#','admin','2020-10-28 16:08:39','',NULL,''),(1043,'登录查询',501,1,'#','',1,0,'F','0','0','monitor:logininfor:query','#','admin','2020-10-28 16:08:39','',NULL,''),(1044,'登录删除',501,2,'#','',1,0,'F','0','0','monitor:logininfor:remove','#','admin','2020-10-28 16:08:39','',NULL,''),(1045,'日志导出',501,3,'#','',1,0,'F','0','0','monitor:logininfor:export','#','admin','2020-10-28 16:08:39','',NULL,''),(1046,'在线查询',109,1,'#','',1,0,'F','0','0','monitor:online:query','#','admin','2020-10-28 16:08:39','',NULL,''),(1047,'批量强退',109,2,'#','',1,0,'F','0','0','monitor:online:batchLogout','#','admin','2020-10-28 16:08:39','',NULL,''),(1048,'单条强退',109,3,'#','',1,0,'F','0','0','monitor:online:forceLogout','#','admin','2020-10-28 16:08:39','',NULL,''),(1049,'任务查询',110,1,'#','',1,0,'F','0','0','monitor:job:query','#','admin','2020-10-28 16:08:39','',NULL,''),(1050,'任务新增',110,2,'#','',1,0,'F','0','0','monitor:job:add','#','admin','2020-10-28 16:08:39','',NULL,''),(1051,'任务修改',110,3,'#','',1,0,'F','0','0','monitor:job:edit','#','admin','2020-10-28 16:08:39','',NULL,''),(1052,'任务删除',110,4,'#','',1,0,'F','0','0','monitor:job:remove','#','admin','2020-10-28 16:08:39','',NULL,''),(1053,'状态修改',110,5,'#','',1,0,'F','0','0','monitor:job:changeStatus','#','admin','2020-10-28 16:08:39','',NULL,''),(1054,'任务导出',110,7,'#','',1,0,'F','0','0','monitor:job:export','#','admin','2020-10-28 16:08:39','',NULL,''),(1055,'生成查询',114,1,'#','',1,0,'F','0','0','tool:gen:query','#','admin','2020-10-28 16:08:39','',NULL,''),(1056,'生成修改',114,2,'#','',1,0,'F','0','0','tool:gen:edit','#','admin','2020-10-28 16:08:39','',NULL,''),(1057,'生成删除',114,3,'#','',1,0,'F','0','0','tool:gen:remove','#','admin','2020-10-28 16:08:39','',NULL,''),(1058,'导入代码',114,2,'#','',1,0,'F','0','0','tool:gen:import','#','admin','2020-10-28 16:08:39','',NULL,''),(1059,'预览代码',114,4,'#','',1,0,'F','0','0','tool:gen:preview','#','admin','2020-10-28 16:08:39','',NULL,''),(1060,'生成代码',114,5,'#','',1,0,'F','0','0','tool:gen:code','#','admin','2020-10-28 16:08:39','',NULL,''),(1061,'会员管理',0,100,'member',NULL,1,0,'M','0','0','','peoples','admin','2020-11-02 18:10:39','admin','2020-11-04 10:26:42',''),(1105,'会员信息',1061,1,'memberInfo','member/memberInfo/index',1,0,'C','0','0','member:memberInfo:list','#','admin','2020-11-05 11:56:30','',NULL,'会员信息'),(1106,'会员信息查询',1105,1,'#','',1,0,'F','0','0','member:memberInfo:query','#','admin','2020-11-05 11:56:30','',NULL,''),(1107,'会员信息新增',1105,2,'#','',1,0,'F','0','0','member:memberInfo:add','#','admin','2020-11-05 11:56:30','',NULL,''),(1108,'会员信息修改',1105,3,'#','',1,0,'F','0','0','member:memberInfo:edit','#','admin','2020-11-05 11:56:30','',NULL,''),(1109,'会员信息删除',1105,4,'#','',1,0,'F','0','0','member:memberInfo:remove','#','admin','2020-11-05 11:56:30','',NULL,''),(1110,'会员信息导出',1105,5,'#','',1,0,'F','0','0','member:memberInfo:export','#','admin','2020-11-05 11:56:30','',NULL,''),(1111,'缓存监控',2,400,'monitor','monitor/cache',1,0,'C','0','0','monitor:cache:list','color','admin','2021-04-22 12:07:09','',NULL,'');

/*Table structure for table `sys_notice` */

DROP TABLE IF EXISTS `sys_notice`;

CREATE TABLE `sys_notice` (
  `notice_id` int(4) NOT NULL AUTO_INCREMENT COMMENT '公告ID',
  `notice_title` varchar(50) NOT NULL COMMENT '公告标题',
  `notice_type` char(1) NOT NULL COMMENT '公告类型（1通知 2公告）',
  `notice_content` longblob COMMENT '公告内容',
  `status` char(1) DEFAULT '0' COMMENT '公告状态（0正常 1关闭）',
  `create_by` varchar(64) DEFAULT '' COMMENT '创建者',
  `create_time` datetime DEFAULT NULL COMMENT '创建时间',
  `update_by` varchar(64) DEFAULT '' COMMENT '更新者',
  `update_time` datetime DEFAULT NULL COMMENT '更新时间',
  `remark` varchar(255) DEFAULT NULL COMMENT '备注',
  PRIMARY KEY (`notice_id`)
) ENGINE=InnoDB AUTO_INCREMENT=2 DEFAULT CHARSET=utf8mb4 COMMENT='通知公告表';

/*Data for the table `sys_notice` */

insert  into `sys_notice`(`notice_id`,`notice_title`,`notice_type`,`notice_content`,`status`,`create_by`,`create_time`,`update_by`,`update_time`,`remark`) values (1,'米袋新架构1.0.0版本完成啦','2','<p>米袋新架构1.0.0版本完成啦</p>','0','admin','2020-10-28 16:08:51','admin','2020-11-03 11:39:22','管理员');

/*Table structure for table `sys_oper_log` */

DROP TABLE IF EXISTS `sys_oper_log`;

CREATE TABLE `sys_oper_log` (
  `oper_id` bigint(20) NOT NULL AUTO_INCREMENT COMMENT '日志主键',
  `title` varchar(50) DEFAULT '' COMMENT '模块标题',
  `business_type` int(2) DEFAULT '0' COMMENT '业务类型（0其它 1新增 2修改 3删除）',
  `method` varchar(100) DEFAULT '' COMMENT '方法名称',
  `request_method` varchar(10) DEFAULT '' COMMENT '请求方式',
  `operator_type` int(1) DEFAULT '0' COMMENT '操作类别（0其它 1后台用户 2手机端用户）',
  `oper_name` varchar(50) DEFAULT '' COMMENT '操作人员',
  `dept_name` varchar(50) DEFAULT '' COMMENT '部门名称',
  `oper_url` varchar(255) DEFAULT '' COMMENT '请求URL',
  `oper_ip` varchar(50) DEFAULT '' COMMENT '主机地址',
  `oper_location` varchar(255) DEFAULT '' COMMENT '操作地点',
  `oper_param` varchar(2000) DEFAULT '' COMMENT '请求参数',
  `json_result` varchar(2000) DEFAULT '' COMMENT '返回参数',
  `status` int(1) DEFAULT '0' COMMENT '操作状态（0正常 1异常）',
  `error_msg` varchar(2000) DEFAULT '' COMMENT '错误消息',
  `oper_time` datetime DEFAULT NULL COMMENT '操作时间',
  PRIMARY KEY (`oper_id`)
) ENGINE=InnoDB AUTO_INCREMENT=2 DEFAULT CHARSET=utf8mb4 COMMENT='操作日志记录';

/*Data for the table `sys_oper_log` */

insert  into `sys_oper_log`(`oper_id`,`title`,`business_type`,`method`,`request_method`,`operator_type`,`oper_name`,`dept_name`,`oper_url`,`oper_ip`,`oper_location`,`oper_param`,`json_result`,`status`,`error_msg`,`oper_time`) values (1,'代码生成',2,'com.jessefyz.module.controller.generator.GenController.editSave()','PUT',1,'system',NULL,'/admin/tool/gen','127.0.0.1','内网IP','{\"functionAuthor\":\"mdframework\",\"columns\":[{\"usableColumn\":false,\"columnId\":174,\"isIncrement\":\"1\",\"increment\":true,\"insert\":true,\"dictType\":\"\",\"required\":false,\"superColumn\":false,\"updateBy\":\"\",\"isInsert\":\"1\",\"javaField\":\"id\",\"htmlType\":\"input\",\"edit\":false,\"query\":false,\"columnComment\":\"会员ID\",\"updateTime\":1604656351000,\"sort\":1,\"list\":false,\"params\":{},\"javaType\":\"Long\",\"queryType\":\"EQ\",\"columnType\":\"bigint(20)\",\"createBy\":\"admin\",\"isPk\":\"1\",\"createTime\":1604393405000,\"tableId\":13,\"pk\":true,\"columnName\":\"id\"},{\"usableColumn\":false,\"columnId\":175,\"isIncrement\":\"0\",\"increment\":false,\"insert\":true,\"isList\":\"1\",\"dictType\":\"\",\"required\":true,\"superColumn\":false,\"updateBy\":\"\",\"isInsert\":\"1\",\"isRequired\":\"1\",\"javaField\":\"name\",\"htmlType\":\"input\",\"edit\":true,\"query\":true,\"columnComment\":\"名称\",\"isQuery\":\"1\",\"updateTime\":1604656351000,\"sort\":2,\"list\":true,\"params\":{},\"javaType\":\"String\",\"queryType\":\"LIKE\",\"columnType\":\"varchar(50)\",\"createBy\":\"admin\",\"isPk\":\"0\",\"createTime\":1604393405000,\"isEdit\":\"1\",\"tableId\":13,\"pk\":false,\"columnName\":\"name\"},{\"usableColumn\":false,\"columnId\":176,\"isIncrement\":\"0\",\"increment\":false,\"insert\":true,\"isList\":\"1\",\"dictType\":\"\",\"required\":false,\"superColumn\":false,\"updateBy\":\"\",\"isInsert\":\"1\",\"javaField\":\"nickname\",\"htmlType\":\"input\",\"edit\":true,\"query\":false,\"columnComment\":\"昵称\",\"updateTime\":1604656351000,\"sort\":3,\"list\":true,\"params\":{},\"javaType\":\"String\",\"queryType\":\"LIKE\",\"columnType\":\"varchar(255)\",\"createBy\":\"admin\",\"isPk\":\"0\",\"createTime\":1604393405000,\"isEdit\":\"1\",\"tableId\":13,\"pk\":false,\"columnName\":\"nickname\"},{\"usableColumn\":false,\"columnId\":177,\"isIncrement\":\"0\",\"increment\":false,\"insert\":true,\"isList\":\"1\",\"dictType\":\"\",\"required\":true,\"superColumn\":false,\"updateBy\":\"\",\"isInsert\":\"1\",\"isRequired\":\"1\",\"javaField\":\"mobile\",\"htmlType\":\"input\",\"edit\":true,\"query\":true,\"columnComment\":\"手机号码\",\"isQuery\":\"1\",\"updateTime\":1604656351000,\"sort\":4,\"list\":true,\"params\":{},\"javaType\":\"String\",\"queryType\":\"LIKE\",\"columnType\":\"varchar(15)\",\"createBy\"','{\"code\":200,\"msg\":\"操作成功\"}',0,NULL,'2021-08-18 18:00:41');

/*Table structure for table `sys_post` */

DROP TABLE IF EXISTS `sys_post`;

CREATE TABLE `sys_post` (
  `post_id` bigint(20) NOT NULL AUTO_INCREMENT COMMENT '岗位ID',
  `post_code` varchar(64) NOT NULL COMMENT '岗位编码',
  `post_name` varchar(50) NOT NULL COMMENT '岗位名称',
  `post_sort` int(4) NOT NULL COMMENT '显示顺序',
  `status` char(1) NOT NULL COMMENT '状态（0正常 1停用）',
  `create_by` varchar(64) DEFAULT '' COMMENT '创建者',
  `create_time` datetime DEFAULT NULL COMMENT '创建时间',
  `update_by` varchar(64) DEFAULT '' COMMENT '更新者',
  `update_time` datetime DEFAULT NULL COMMENT '更新时间',
  `remark` varchar(500) DEFAULT NULL COMMENT '备注',
  PRIMARY KEY (`post_id`)
) ENGINE=InnoDB AUTO_INCREMENT=5 DEFAULT CHARSET=utf8mb4 COMMENT='岗位信息表';

/*Data for the table `sys_post` */

insert  into `sys_post`(`post_id`,`post_code`,`post_name`,`post_sort`,`status`,`create_by`,`create_time`,`update_by`,`update_time`,`remark`) values (1,'ceo','董事长',1,'0','admin','2020-10-28 16:08:37','',NULL,''),(2,'se','项目经理',2,'0','admin','2020-10-28 16:08:37','',NULL,''),(3,'hr','人力资源',3,'0','admin','2020-10-28 16:08:37','',NULL,''),(4,'user','普通员工',4,'0','admin','2020-10-28 16:08:37','',NULL,'');

/*Table structure for table `sys_role` */

DROP TABLE IF EXISTS `sys_role`;

CREATE TABLE `sys_role` (
  `role_id` bigint(20) NOT NULL AUTO_INCREMENT COMMENT '角色ID',
  `role_name` varchar(30) NOT NULL COMMENT '角色名称',
  `role_key` varchar(100) NOT NULL COMMENT '角色权限字符串',
  `role_sort` int(4) NOT NULL COMMENT '显示顺序',
  `data_scope` char(1) DEFAULT '1' COMMENT '数据范围（1：全部数据权限 2：自定数据权限 3：本部门数据权限 4：本部门及以下数据权限）',
  `menu_check_strictly` tinyint(1) DEFAULT '1' COMMENT '菜单树选择项是否关联显示',
  `dept_check_strictly` tinyint(1) DEFAULT '1' COMMENT '部门树选择项是否关联显示',
  `status` char(1) NOT NULL COMMENT '角色状态（0正常 1停用）',
  `del_flag` char(1) DEFAULT '0' COMMENT '删除标志（0代表存在 2代表删除）',
  `create_by` varchar(64) DEFAULT '' COMMENT '创建者',
  `create_time` datetime DEFAULT NULL COMMENT '创建时间',
  `update_by` varchar(64) DEFAULT '' COMMENT '更新者',
  `update_time` datetime DEFAULT NULL COMMENT '更新时间',
  `remark` varchar(500) DEFAULT NULL COMMENT '备注',
  PRIMARY KEY (`role_id`)
) ENGINE=InnoDB AUTO_INCREMENT=3 DEFAULT CHARSET=utf8mb4 COMMENT='角色信息表';

/*Data for the table `sys_role` */

insert  into `sys_role`(`role_id`,`role_name`,`role_key`,`role_sort`,`data_scope`,`menu_check_strictly`,`dept_check_strictly`,`status`,`del_flag`,`create_by`,`create_time`,`update_by`,`update_time`,`remark`) values (1,'超级管理员','admin',1,'1',1,1,'0','0','admin','2020-10-28 16:08:38','',NULL,'超级管理员'),(2,'普通角色','common',2,'2',1,1,'0','0','admin','2020-10-28 16:08:38','admin','2020-11-03 11:37:24','普通角色');

/*Table structure for table `sys_role_dept` */

DROP TABLE IF EXISTS `sys_role_dept`;

CREATE TABLE `sys_role_dept` (
  `role_id` bigint(20) NOT NULL COMMENT '角色ID',
  `dept_id` bigint(20) NOT NULL COMMENT '部门ID',
  PRIMARY KEY (`role_id`,`dept_id`)
) ENGINE=InnoDB DEFAULT CHARSET=utf8mb4 COMMENT='角色和部门关联表';

/*Data for the table `sys_role_dept` */

insert  into `sys_role_dept`(`role_id`,`dept_id`) values (2,100),(2,101),(2,105);

/*Table structure for table `sys_role_menu` */

DROP TABLE IF EXISTS `sys_role_menu`;

CREATE TABLE `sys_role_menu` (
  `role_id` bigint(20) NOT NULL COMMENT '角色ID',
  `menu_id` bigint(20) NOT NULL COMMENT '菜单ID',
  PRIMARY KEY (`role_id`,`menu_id`)
) ENGINE=InnoDB DEFAULT CHARSET=utf8mb4 COMMENT='角色和菜单关联表';

/*Data for the table `sys_role_menu` */

insert  into `sys_role_menu`(`role_id`,`menu_id`) values (2,1),(2,2),(2,3),(2,100),(2,101),(2,102),(2,103),(2,104),(2,105),(2,106),(2,107),(2,108),(2,109),(2,110),(2,111),(2,112),(2,113),(2,114),(2,115),(2,500),(2,501),(2,1001),(2,1002),(2,1003),(2,1004),(2,1005),(2,1006),(2,1007),(2,1008),(2,1009),(2,1010),(2,1011),(2,1012),(2,1013),(2,1014),(2,1015),(2,1016),(2,1017),(2,1018),(2,1019),(2,1020),(2,1021),(2,1022),(2,1023),(2,1024),(2,1025),(2,1026),(2,1027),(2,1028),(2,1029),(2,1030),(2,1031),(2,1032),(2,1033),(2,1034),(2,1035),(2,1036),(2,1037),(2,1038),(2,1039),(2,1040),(2,1041),(2,1042),(2,1043),(2,1044),(2,1045),(2,1046),(2,1047),(2,1048),(2,1049),(2,1050),(2,1051),(2,1052),(2,1053),(2,1054),(2,1055),(2,1056),(2,1057),(2,1058),(2,1059),(2,1060);

/*Table structure for table `sys_user` */

DROP TABLE IF EXISTS `sys_user`;

CREATE TABLE `sys_user` (
  `user_id` bigint(20) NOT NULL AUTO_INCREMENT COMMENT '用户ID',
  `dept_id` bigint(20) DEFAULT NULL COMMENT '部门ID',
  `user_name` varchar(30) NOT NULL COMMENT '用户账号',
  `nick_name` varchar(30) NOT NULL COMMENT '用户昵称',
  `user_type` varchar(2) DEFAULT '00' COMMENT '用户类型（00系统用户）',
  `email` varchar(50) DEFAULT '' COMMENT '用户邮箱',
  `phonenumber` varchar(11) DEFAULT '' COMMENT '手机号码',
  `sex` char(1) DEFAULT '0' COMMENT '用户性别（0男 1女 2未知）',
  `avatar` varchar(255) DEFAULT '' COMMENT '头像地址',
  `password` varchar(100) DEFAULT '' COMMENT '密码',
  `status` char(1) DEFAULT '0' COMMENT '帐号状态（0正常 1停用）',
  `del_flag` char(1) DEFAULT '0' COMMENT '删除标志（0代表存在 2代表删除）',
  `login_ip` varchar(50) DEFAULT '' COMMENT '最后登录IP',
  `login_date` datetime DEFAULT NULL COMMENT '最后登录时间',
  `create_by` varchar(64) DEFAULT '' COMMENT '创建者',
  `create_time` datetime DEFAULT NULL COMMENT '创建时间',
  `update_by` varchar(64) DEFAULT '' COMMENT '更新者',
  `update_time` datetime DEFAULT NULL COMMENT '更新时间',
  `remark` varchar(500) DEFAULT NULL COMMENT '备注',
  PRIMARY KEY (`user_id`)
) ENGINE=InnoDB AUTO_INCREMENT=4 DEFAULT CHARSET=utf8mb4 COMMENT='用户信息表';

/*Data for the table `sys_user` */

insert  into `sys_user`(`user_id`,`dept_id`,`user_name`,`nick_name`,`user_type`,`email`,`phonenumber`,`sex`,`avatar`,`password`,`status`,`del_flag`,`login_ip`,`login_date`,`create_by`,`create_time`,`update_by`,`update_time`,`remark`) values (1,103,'admin','超级管理员','00','573110463@qq.com','15888888888','0','','$2a$10$7JB720yubVSZvUI0rEqK/.VqGOZTH.ulu33dHOiBE8ByOhJIrdAu2','0','0','127.0.0.1','2020-10-28 16:08:36','admin','2020-10-28 16:08:36','','2020-11-03 11:25:14','管理员'),(2,105,'ry','系统管理员','00','ry@qq.com','15666666666','1','','$2a$10$7JB720yubVSZvUI0rEqK/.VqGOZTH.ulu33dHOiBE8ByOhJIrdAu2','0','0','127.0.0.1','2020-10-28 16:08:36','admin','2020-10-28 16:08:36','',NULL,'测试员'),(3,100,'system','系统管理员','00','123@qq.com','15889963911','1','','$2a$10$EYt/j2yhsTLLhMmAvLH64.x5h7Q4F536aN4WKJhKFr6fyFHUkAazm','0','0','',NULL,'admin','2021-07-15 17:41:14','',NULL,NULL);

/*Table structure for table `sys_user_post` */

DROP TABLE IF EXISTS `sys_user_post`;

CREATE TABLE `sys_user_post` (
  `user_id` bigint(20) NOT NULL COMMENT '用户ID',
  `post_id` bigint(20) NOT NULL COMMENT '岗位ID',
  PRIMARY KEY (`user_id`,`post_id`)
) ENGINE=InnoDB DEFAULT CHARSET=utf8mb4 COMMENT='用户与岗位关联表';

/*Data for the table `sys_user_post` */

insert  into `sys_user_post`(`user_id`,`post_id`) values (1,1),(2,2),(3,1);

/*Table structure for table `sys_user_role` */

DROP TABLE IF EXISTS `sys_user_role`;

CREATE TABLE `sys_user_role` (
  `user_id` bigint(20) NOT NULL COMMENT '用户ID',
  `role_id` bigint(20) NOT NULL COMMENT '角色ID',
  PRIMARY KEY (`user_id`,`role_id`)
) ENGINE=InnoDB DEFAULT CHARSET=utf8mb4 COMMENT='用户和角色关联表';

/*Data for the table `sys_user_role` */

insert  into `sys_user_role`(`user_id`,`role_id`) values (1,1),(2,2),(3,2);

/*!40101 SET SQL_MODE=@OLD_SQL_MODE */;
/*!40014 SET FOREIGN_KEY_CHECKS=@OLD_FOREIGN_KEY_CHECKS */;
/*!40014 SET UNIQUE_CHECKS=@OLD_UNIQUE_CHECKS */;
/*!40111 SET SQL_NOTES=@OLD_SQL_NOTES */;
